Square_Footage,Num_Bedrooms,Num_Bathrooms,Year_Built,Lot_Size,Garage_Size,Neighborhood_Quality,House_Price
-1.1598032277012593,2,1,-0.2691222665037666,-1.6792784865075054,0,5,262382.8522740563
1.160724426179242,3,3,1.428045179916397,1.5223898889704626,1,6,985260.854490162
0.6188429685423118,1,2,1.428045179916397,0.660422146962976,0,9,777977.3901185812
-1.4737757193320689,1,2,-0.46308426038035666,-0.03655456076711136,1,8,229698.9186636115
1.6818868869065249,2,1,0.31276371512600376,1.4808087543377773,0,8,1041740.8589249004
0.8993463113190757,5,3,0.16729221971856117,-0.23292075127162842,2,8,879796.9835223783
0.6817968437677787,1,2,1.2340831860398067,1.6449150173357756,0,1,814427.8614089885
0.4809819506435045,1,1,-0.7055367527260943,0.020962725517277056,1,1,703413.1109446795
-1.7415289101644345,3,3,0.5067257090025938,-1.3596423049425557,1,8,173875.03721558454
-0.502373518068219,4,2,-0.2691222665037666,0.8969075599812676,2,5,504176.5060593679
-1.232319716885025,2,2,0.9431401952249215,0.5989207327070326,1,9,335332.59275293903
0.06022693647835868,2,3,-0.22063176803461904,0.925302823279575,0,2,635097.3959198
0.09369608533240437,5,3,-0.6570462542569467,1.5443403159163613,2,9,701133.8041471172
-0.9016126508271926,5,3,0.07031122278026612,0.9374528075259273,1,8,440726.2848162878
0.8523301260241067,2,3,-0.17214126956547152,0.3645602718143472,1,9,838719.430503504
1.4356495774803317,5,1,0.894649696755774,1.2178051438254758,0,4,1019192.6613592046
0.46902868319563107,3,3,-0.46308426038035666,0.5793171815719804,0,1,735850.8123421574
-1.4674006433598696,2,2,-0.026669774158028934,-0.3403740984609902,2,1,234261.64997473892
-0.9828948694727321,5,2,-1.4813847282324546,1.316011721183821,1,5,396246.3588887452
0.19330664739801656,2,1,1.4765356783855443,-0.9863413966178147,0,2,672852.0519810001
-0.21390133032620604,4,2,-0.026669774158028934,0.7229103062598157,2,8,586086.5685389101
0.34391781724122217,1,2,0.894649696755774,1.301940929032207,1,10,740174.0146550778
-1.0681615106008961,2,3,1.3310641829781018,0.7807544907560293,1,5,370167.09090271546
-0.4059504939887063,1,2,1.3310641829781018,0.6626704847532324,2,5,530824.1967752124
-1.6945127248694656,5,1,0.4582352105334463,0.854716862256682,2,2,227515.3002879812
0.3335583187863985,1,3,-0.8510082481335368,-0.14287009748538929,0,7,652166.1423658864
0.5495140173446457,2,3,-0.8994987466026844,1.2762963931882765,1,8,745670.6371477235
-0.33184023581189087,4,1,-0.4145937619112091,-1.0503904828850403,1,10,513161.95119306416
-0.835471237615626,5,3,1.0886116906323642,-1.314197923542724,1,1,432357.9061027443
-0.6274843840226279,2,3,-0.9479892450718319,-0.7656926802490046,2,2,434165.8966340506
0.7065002631600505,5,1,-0.12365077109632398,0.08788630080672398,0,10,809686.201143527
0.9885973749298642,3,3,0.2642732166568562,0.014986002330174433,1,4,883819.0911218557
1.25475679676918,1,1,-1.2874227343558646,1.0904625825522571,2,5,912468.0479046734
-1.3303365099575875,3,1,0.5552162074717414,-0.3526899606609262,1,2,281313.0614448485
0.4562785312512327,2,2,0.021820724311118592,-0.07595852981550723,0,1,705923.3148916194
0.09528985432545417,4,2,1.2825736845089541,-1.7097135932640157,1,9,656980.4604282172
-1.3669931967977327,5,3,1.5250261768546918,-0.3347539129801641,0,1,318266.2771320871
0.03791417057566155,1,3,-1.4328942297633072,0.4909575187951445,0,4,582468.7977365239
-0.2027449473748575,5,1,-0.17214126956547152,-1.7022879750632107,1,2,541967.633559251
-1.6530747310501708,2,3,0.5067257090025938,-0.7817424798093117,1,4,188531.42345710637
-0.21868263730535542,5,1,0.894649696755774,-1.0347116118348219,0,8,565562.7504321395
0.4052779234736393,1,1,1.3310641829781018,-1.6104424773284762,2,8,697574.5556670319
0.236338410210361,2,3,-0.3176127649729141,-0.09359540981657721,0,9,666733.4734616925
-0.7589703259492359,5,1,-1.6268562236398973,-1.1257105945688741,1,5,376388.0216286443
-0.6673286088488727,4,2,0.6037067059408889,0.8215657646956614,1,7,485380.95019563066
0.19171287840496676,2,3,1.5250261768546918,1.1852636503001508,2,3,735678.4622017285
-1.2275384099058757,2,2,-0.3661032634420616,0.13647742865083806,0,10,296291.0010075069
1.3535704743382673,4,3,1.0401211921632165,1.6493266244586076,0,4,1046315.8960136625
-1.8180298218308246,3,1,1.428045179916397,-0.19343463157687735,0,10,187508.58531168045
0.6666560383338056,1,3,0.36125421359515125,0.02472107838842862,1,9,793995.2848757812
-0.2872147040064966,3,2,-1.6268562236398973,1.6753792329890125,0,10,527393.5128875901
-0.5820619677207086,5,1,-0.5600652573186518,-0.9528738665610703,2,10,467768.122943975
1.2969916750849995,4,3,-0.5115747588495042,1.5134809778633664,1,1,981190.782911222
0.6037021631083387,3,3,0.4097447120642988,-1.6074865659589552,1,2,750481.7169351575
-1.031504823760751,2,3,1.2825736845089541,-0.20762812412084353,0,5,377511.26849809097
0.912893347759999,5,2,0.6521972044100364,-1.5132515098089676,2,3,866877.3524150968
0.2371352947068859,5,2,0.6037067059408889,0.7735330866816597,1,2,731331.6610567131
1.2173032254325098,3,3,-1.5298752267016023,0.3544045905151765,1,1,899382.8651584806
-0.6497971499253249,3,1,1.0401211921632165,0.6951350590133913,0,10,485622.401919989
-1.7168254907721627,4,1,-1.0934607404792744,-0.4570620810042469,0,3,147601.55157708153
1.5790887868548131,1,2,-0.3661032634420616,-0.47440108798128217,2,1,986006.861736761
-0.2664957070968493,3,1,0.2157827181877087,-1.5988777992786973,0,1,509725.550655089
-1.0522238206703982,3,2,-0.026669774158028934,-0.5421722978425042,2,1,346932.6209008944
0.8180640926735362,2,3,0.2157827181877087,1.4674923612261208,1,8,863289.3969030941
1.1814434230888893,5,2,-0.12365077109632398,-0.4405983684805405,2,3,919295.8540615214
-0.8290961616434269,1,2,-1.5298752267016023,1.127818618650279,2,1,406069.2709127523
-1.0354892462433753,2,3,1.4765356783855443,1.1658297499729335,2,7,397346.1108776756
-1.5765738193837806,4,1,-0.9479892450718319,-0.4613608505676571,1,10,191117.1012230497
-1.1454593067638112,4,2,1.718988170731282,0.4361995571840303,0,3,384461.3548261602
-0.9876761764518814,3,2,-0.4145937619112091,-1.425253012368499,1,8,340980.72481778456
1.3368358999112444,3,3,1.0401211921632165,-1.3964372198187445,0,4,951093.5469938468
-1.5431046705297349,4,1,0.4582352105334463,-1.5872973911388206,2,4,217010.48526715024
-1.4530567224224216,3,2,-0.9964797435409795,0.2593790302049656,2,5,248224.0196560961
-0.20194806287833258,1,3,-0.7540272511952418,-0.27810129637506853,2,6,538349.0962151848
1.2499754897900306,3,2,1.4765356783855443,0.14496634655341262,2,7,985223.9966541852
-1.7941232869350776,5,3,1.5250261768546918,0.051448620115548294,2,4,242865.9315016322
0.20127549236326553,3,1,-0.026669774158028934,-0.5412771516366676,0,8,654466.9454086807
-0.229839020256704,2,1,0.5552162074717414,0.5939799917375022,0,6,551967.8882668803
0.30247982342192753,1,1,-1.1904417374175695,0.875056857466611,2,1,663904.9927177994
-0.6537815724079494,2,1,-0.17214126956547152,-1.7053408257554417,1,1,397482.74798703607
-1.5335420565714362,2,2,0.7491782013483315,-1.037188588404257,1,9,209632.84147750464
1.72013734273972,5,2,0.6521972044100364,0.7180351387464485,2,10,1107045.062935083
0.9925817974124886,1,1,-1.6753467221090448,-0.4149508401514468,0,6,787420.4040749857
-0.029821011628954733,1,1,0.2157827181877087,0.5419835409303217,1,10,605371.7047170609
0.6244211600179861,1,1,-0.2691222665037666,-0.5525174258937677,1,8,721018.0639031393
-1.6857469954076916,1,2,0.6521972044100364,-0.4006071509667471,1,7,199066.37891066872
0.6284055825006105,1,1,0.4097447120642988,-1.2056485907909986,2,6,730047.4973881331
0.11043065975942722,5,1,-0.8025177496643894,-0.8603155675101833,1,4,627923.6171994702
1.05952009512058,3,1,0.31276371512600376,0.34400778130015586,1,7,898283.8867356428
-1.2044287595066536,2,3,-1.2874227343558646,-0.25349963717088847,1,9,277832.10571177263
0.3311676652968238,1,1,1.4765356783855443,0.9298677174550127,1,10,731490.1175330897
0.3646368141508695,3,3,-1.7723277190473399,1.2014184047026804,0,10,688357.648480334
-0.5940152351685821,3,3,1.2340831860398067,0.1228143837913574,2,7,525582.3102214569
0.298495400939303,2,1,-0.6570462542569467,0.8742431002183699,2,1,684824.5348634415
1.214912571942935,5,3,-1.1904417374175695,-0.6914737559255592,0,10,903251.9405609448
-1.0259266322850766,4,1,-1.2874227343558646,-0.31660488069875625,0,9,323118.7393152309
-1.4450878774571725,4,2,0.6521972044100364,0.7164457327024988,2,4,307101.6858385633
1.7352781481736932,3,2,-0.9964797435409795,-0.41636676111222926,1,3,1020324.7565966452
-1.1518343827360102,2,2,-0.6570462542569467,0.2853602853728171,1,4,304730.506229004
1.7312937256910685,4,2,-0.8994987466026844,-1.1130510183121973,2,4,1026397.296612232
-1.6809656884285422,3,3,-0.026669774158028934,0.3244418437217229,1,10,199414.94263280893
-0.6625473018697233,5,1,-1.4328942297633072,1.2323910471473685,0,2,472657.61431723344
-1.1574125742116845,4,1,-0.46308426038035666,1.257109950221916,1,1,340069.229775934
0.37818385059179277,3,1,-1.5783657251707497,0.7565691659054232,1,10,696709.415289048
-1.3964779231691538,3,2,-0.9964797435409795,0.8308340168676753,1,1,266533.05392411625
1.494619030223174,1,2,-0.07516027262717646,0.1792910794774833,2,8,971514.7620428528
-0.4449978343184263,5,1,-0.8994987466026844,0.27205078542831257,0,2,501305.5489940659
-0.5079517095438932,1,2,1.2825736845089541,-1.2924683750914097,1,10,480961.44203831744
0.7383756430210464,2,1,-1.2874227343558646,-0.2163963823080646,2,5,758977.8818675748
-1.0012232128928047,1,1,0.797668699817479,-0.19240190719311734,1,4,364658.5286208398
-0.4728887916967977,1,1,0.36125421359515125,1.5688159625143039,0,8,515813.7578353911
0.795751326770839,4,1,0.4582352105334463,-0.26070186501656606,1,2,834587.5117736553
0.6706404608164301,3,1,-1.238932235886717,0.14951156046455705,0,10,747384.0608082061
0.24669790866518468,5,1,-0.8025177496643894,0.09369319065378295,1,9,667696.0449735246
0.32957389630377404,1,1,-1.2874227343558646,0.4527565802372668,0,7,645145.5398468642
-0.5724993537624099,5,2,-1.5783657251707497,0.8394349037211619,1,7,481368.1255215702
0.593342664653515,1,1,0.894649696755774,-0.9754442485738439,0,1,740148.1937768575
0.3008860544288777,2,1,-0.8510082481335368,0.0779897044377111,1,2,639073.1842415399
1.045176174183132,1,2,0.16729221971856117,1.1089133044493173,1,4,886568.3132277146
-0.7589703259492359,4,2,0.4097447120642988,-0.14960155089969024,2,4,450941.1354372639
-0.2664957070968493,3,2,-1.238932235886717,-0.7901524630403747,2,3,513720.44181706064
-0.5199049769917666,2,1,1.5735166753238394,0.5150135556644156,0,7,521205.600976709
-0.6266874995261029,1,3,-0.9964797435409795,1.101454162611183,1,8,455122.0999589496
-0.22107329079493013,5,3,-0.8994987466026844,-1.5370590954163594,0,2,551463.8888534079
0.7861887128125402,2,2,-0.5600652573186518,0.9384975631168342,2,4,816173.7524264855
-0.06249327598647553,2,3,0.5067257090025938,1.0941020306990596,0,3,637736.0103999889
-0.8043927422511551,1,2,0.7006877028791839,-0.15512324360012653,0,2,420203.4615575062
1.3655237417861408,2,1,1.5735166753238394,1.6548709620822168,2,6,1026790.0663279732
0.28654213349142954,5,3,0.8461591982866266,0.9729012779972183,1,4,744681.397063456
-0.8235179701677526,2,1,-0.22063176803461904,0.927647233919222,0,6,400585.46235503367
-1.2801327866765189,5,3,1.1855926875706593,0.83806727941998,2,2,368327.4567183169
1.6715273884517012,1,1,-0.7055367527260943,-1.2336450095498317,1,4,977158.5923179968
1.1415991982626446,3,3,-1.0934607404792744,-1.002539522790452,2,6,883626.6203857235
-1.316789473516664,2,1,-0.5115747588495042,-0.14656484473158007,0,5,244030.4071335913
-0.252948670655926,3,1,1.2825736845089541,-0.8402886601539407,1,3,558598.6787614333
0.9001431958156005,5,3,0.6521972044100364,-0.3156691301266073,1,8,860329.4923109863
1.1376147757800201,2,1,0.7491782013483315,1.3258783743201425,2,7,947490.777477816
-0.6537815724079494,4,1,0.6521972044100364,1.1033949793658149,2,3,492018.32279508375
0.7877824818055901,3,1,0.4582352105334463,0.42943942508543964,2,6,832386.3311958439
1.153552465710518,2,3,-1.6268562236398973,1.2206201001991783,1,4,893926.6294720689
-0.36849692265203615,3,3,-1.4813847282324546,0.9627168559198239,1,5,534464.9120087984
-0.8163460096990285,2,1,-0.12365077109632398,-0.2679931805848346,0,5,355281.41848528635
1.0085194873429866,1,1,0.5067257090025938,-1.0586162841722164,1,7,834105.7943401121
0.9097058097738994,3,3,1.718988170731282,0.027610053051026918,0,5,885550.3826256534
-0.5414208583979389,4,3,1.6704976722621345,0.7977948176044142,2,3,551859.0856947603
1.1001612044433497,4,1,0.36125421359515125,-0.24220331971766537,2,10,922420.588370604
0.5447327103654963,5,1,1.6704976722621345,0.5568579081026115,1,5,804433.8093218554
0.6666560383338056,2,1,-0.8994987466026844,-1.4288751186040758,2,7,734985.0630470021
-1.2888985161382926,3,2,1.2340831860398067,0.8386436729392505,2,5,346152.8475921306
-0.12385338221889264,5,3,0.021820724311118592,1.063110098654885,1,5,649973.3618681368
1.4197118875498338,3,2,1.428045179916397,0.6958412934019751,0,9,1006939.6644174114
-1.1645845346804087,2,3,1.0401211921632165,1.5992231783605992,1,3,370260.6031667921
0.9232528462148226,4,3,1.5250261768546918,1.1114606664684625,0,6,928059.7129533672
-0.48484205914467116,1,3,-1.1904417374175695,1.3766265540586273,1,1,492112.0397149675
0.36782435213696907,4,3,0.4582352105334463,1.482348407075399,1,10,752466.6746666236
-0.46412306223502386,5,3,1.1371021891015116,1.023684261603603,2,5,573797.9393068494
0.9519406880897189,1,3,-0.3176127649729141,0.5828290703931829,1,8,854876.2983739193
-1.684153226414642,5,3,-0.7540272511952418,-1.736247300379209,1,5,183663.6464573192
0.7487351414758701,2,2,0.2642732166568562,-0.14019731939785607,0,9,788150.9318106314
1.5161349116293463,1,1,1.428045179916397,0.22520100856255867,2,6,981510.89525884
1.7376688016632678,5,1,0.797668699817479,-0.7014441110285481,0,8,1070454.2752476104
-1.2347103703745996,2,2,-1.335913232825012,-0.6526226901820461,0,10,241968.8432665446
1.6524021605351038,4,2,0.2157827181877087,1.5780486261976332,2,8,1064004.872579212
0.009226328700765242,2,2,1.2825736845089541,1.337140932305582,2,3,640767.2241513439
0.4905445646018033,3,2,-0.8025177496643894,1.189603623569043,2,7,762159.3914733424
-1.6881376488972664,2,3,1.3795546814472492,-0.34768388344062084,1,7,216591.97111921213
-0.30713681641961904,2,1,0.16729221971856117,-1.708565859561975,2,10,497168.0883454792
1.0093163718395115,3,3,-0.6570462542569467,-1.4778040929488883,2,6,857205.2452653883
-1.3606181208255335,5,1,-0.12365077109632398,-0.6731170216136758,2,7,285546.501684919
0.7622821779167933,5,1,0.894649696755774,-1.7014742403322332,0,2,819125.6470544274
-0.9310973771986137,2,2,-0.3661032634420616,-1.6965940010106932,0,9,316130.2555576059
1.5671355194069398,3,3,0.9431401952249215,1.423489450945918,1,10,1067425.216621323
0.8618927399824056,3,2,0.4582352105334463,0.6934847067960609,0,10,837398.565143556
0.15585307606134638,4,3,-0.12365077109632398,-0.6843574581903763,1,1,658260.7060110456
-0.4155131079470051,5,1,-0.8994987466026844,-1.2959580671877622,0,1,475767.3504503976
-1.3199770115027638,1,2,-1.4328942297633072,0.01871129519183823,2,3,250101.5473305484
0.39491842501881563,5,2,-0.5600652573186518,-1.737539177095215,0,3,688516.5046690886
-0.7541890189700865,5,1,1.6220071737929869,1.4991469455742148,1,1,510876.9990932239
-0.2625112846142248,4,1,-0.3661032634420616,-0.3171463567957026,0,7,543734.421890143
-1.728778758220036,1,1,-1.4813847282324546,-0.36043836999385404,2,4,146406.89625235138
0.7200472996009738,4,2,1.428045179916397,-0.4011675279995542,1,10,828512.1019589091
0.47460687467130536,1,3,1.3310641829781018,-1.5155936245979738,2,2,719969.4352945103
-0.46332617773849893,2,2,-0.07516027262717646,0.45816982405041223,2,10,507847.5873391124
-0.3764657676172851,1,3,-0.6085557557877992,0.786606813797207,1,5,507554.9440535184
-1.456244260408521,4,2,-0.026669774158028934,0.5893039010044078,2,6,294558.07202157495
0.5264043669454237,5,2,-1.7723277190473399,-1.2758701583189813,2,9,712212.2154102818
-0.284027166020397,1,1,-1.0934607404792744,0.2518345063221459,0,4,491715.9476636626
0.055445629499209295,1,3,-0.026669774158028934,0.21938089558682564,2,2,625227.045470116
0.4809819506435045,3,2,-1.1904417374175695,1.2563160937808078,2,5,752101.9024207598
-0.4091380319748059,5,2,-1.4328942297633072,-0.44094136577372545,2,3,501913.6471080413
1.3910240456749374,2,1,-1.5783657251707497,-0.46744944774538744,2,2,907358.632995708
0.8395799740797084,4,1,1.0886116906323642,0.38950299964898694,1,1,878704.0956397129
-1.636340156623148,2,3,1.718988170731282,0.4399597142881715,0,10,237070.7057045996
-1.34866485337766,5,2,-1.7723277190473399,-0.12819686838680966,2,2,267132.4135848208
-1.0354892462433753,1,3,-0.07516027262717646,-0.21917087159057297,2,6,353129.5684734057
1.0579263261275302,1,2,-0.12365077109632398,-0.041952391877567705,1,8,845141.6166638864
-0.21230756133315626,5,3,1.3795546814472492,1.230766203667342,2,3,656223.1627305328
1.121677085849522,1,1,1.2340831860398067,-0.15635825113635274,1,9,884677.6890798345
0.6315931204867101,1,2,-0.7055367527260943,1.5044128505805772,0,9,775773.2237663032
1.4141336960741595,1,3,-1.3844037312941597,-0.007762929202596495,0,2,918893.7439235622
-0.20672936985748197,4,1,-0.17214126956547152,1.5365654239511808,2,8,607698.7371081988
0.6809999592712538,4,1,0.4097447120642988,1.1328977166901055,2,10,838774.4840391098
-0.5047641715577936,3,3,-1.6268562236398973,-0.49885871199559384,2,5,470978.4795328964
-0.04814935504902738,2,2,-0.3661032634420616,1.239771801476341,1,4,616308.9624199027
-0.9255191857229395,5,2,1.6704976722621345,-1.3742895410386615,2,10,417416.2622542783
1.7400594551528425,5,1,-1.6753467221090448,1.4527801146943395,2,5,1060976.488572305
0.6977345336982766,5,2,-1.141951238948422,0.4350022250722661,0,4,809046.2841762663
-0.49360778860644505,3,2,1.0886116906323642,-1.5674100897831715,2,8,485376.42332357954
1.3352421309181945,4,2,0.36125421359515125,0.4787557514810346,0,4,965816.66811073
-0.5318582444396401,3,1,-0.17214126956547152,1.6234499674113676,2,10,517515.4060050993
-0.6936257972341943,5,3,0.36125421359515125,-1.513955195294096,0,6,438250.1761546225
1.5009941061953733,2,2,1.1371021891015116,0.16805287261423374,2,2,1008240.7854354944
1.2810539851545015,1,1,-1.044970242010127,0.8379138700396959,0,5,888140.07598706
-1.643512117091872,4,1,1.3795546814472492,1.0545939182485171,1,6,252963.3562076132
0.6913594577260774,4,3,0.11880172124941364,-0.320572396103694,0,5,801206.2036701888
0.19250976290149166,3,2,-0.9964797435409795,-1.04785791943702,0,2,624112.1600204634
-1.767029214053231,4,2,-0.17214126956547152,-1.6092046130838857,0,7,155471.16626013073
-0.09197800235789673,5,3,-1.044970242010127,0.254907883377418,2,4,617900.4948407207
0.5144510994975502,5,3,1.0886116906323642,-0.18499661996536693,2,8,798362.7750475319
1.6874650783821992,3,1,1.3795546814472492,1.5349825873676093,2,7,1096158.2899088082
1.1647088486618666,5,1,1.3795546814472492,-1.5458540061841757,1,7,927092.4059599084
0.4411377258172597,2,3,-1.1904417374175695,0.6214600981139188,1,9,728289.8873118911
0.7320005670488472,3,2,0.894649696755774,-1.669479819786759,0,1,785248.3619879358
1.1758652316132152,2,1,-0.3176127649729141,-1.1614021578100697,1,10,862580.4983858576
-1.0833023160348692,1,1,-0.17214126956547152,-0.18267966170279254,0,6,297387.92248393584
1.3958053526540868,2,2,0.07031122278026612,-0.17819288207768286,0,6,938151.8372450712
-1.7176223752686874,1,1,1.428045179916397,0.6225187941443866,0,6,203447.4833684562
1.7352781481736932,1,2,-1.4328942297633072,1.4013224737982448,1,6,1038319.1650899692
-0.8091740492303044,2,2,0.8461591982866266,0.46063243813731414,2,10,443408.3059778237
1.332054592932095,3,2,-0.5115747588495042,1.5516008915882171,1,7,971977.0246414564
-0.6282812685191527,5,3,0.7491782013483315,1.302121951570398,0,10,539478.4031506823
-0.874518577945346,5,3,0.07031122278026612,0.27146699394347473,0,6,424712.5512524801
1.7376688016632678,1,3,1.3310641829781018,1.1362279978969707,1,1,1102533.6490590929
0.6284055825006105,1,2,-0.9964797435409795,0.47293113287520033,0,3,740286.5597469498
0.3343552032829234,3,2,-0.3661032634420616,-1.483577726877306,0,2,655719.1459405582
-1.084896085027919,4,3,0.7491782013483315,0.8128352667418969,1,6,402213.42189319455
0.9009400803121255,2,1,-1.1904417374175695,-1.426859655688938,1,8,779202.6809723858
-1.0123795958441533,1,2,-0.8025177496643894,0.3047090819274727,1,3,338170.31528112484
-0.49599844209601973,5,1,-0.8994987466026844,0.6812802096189181,0,10,497340.9981159924
0.8929712353468765,3,1,0.7491782013483315,-1.5253089536572824,0,8,815811.6827370644
-1.3972748076656787,2,2,-0.8994987466026844,-0.9554886352102301,2,8,250362.35906874528
0.13513407915169903,3,2,0.9431401952249215,1.420259696318444,2,5,717150.4421296231
0.8276267066318349,2,1,-0.6085557557877992,0.38182790368716524,1,8,811129.4971755756
-1.6658248829945692,2,1,-0.3176127649729141,-0.9017511711137548,2,6,165242.29785174478
-1.0809116625452944,1,3,0.8461591982866266,0.6397910680467228,0,5,370992.4565584571
0.5989208561291893,3,3,-0.7055367527260943,0.3140529551884232,2,9,779362.3561113286
-1.1956630300448796,3,2,-0.2691222665037666,-0.016185555983244615,0,7,308618.40727220185
0.641155734445009,5,3,1.1855926875706593,1.6301772109415686,1,8,861356.9775590366
-1.8323737427682727,5,3,-1.335913232825012,0.6147250663032344,1,1,171023.95659837997
-0.8545964655322236,1,3,1.6704976722621345,-0.45372950809076523,0,2,381738.0175438036
-0.08799357987527225,1,3,0.797668699817479,1.0192629848575074,2,8,628610.9650581649
0.16621257451617005,4,1,0.7006877028791839,1.312416341383909,1,9,698124.6114710766
-0.9932543679275557,5,2,-0.8510082481335368,-1.3217109887821097,1,4,362679.08775021497
0.8993463113190757,2,3,-0.2691222665037666,-1.0603929476967768,2,10,822030.766712673
0.19888483887369082,3,1,-1.141951238948422,-1.0060218383982646,2,10,611205.6889207754
-1.0004263283962798,1,1,0.6037067059408889,0.6416366372367359,0,9,359657.9955923103
0.009226328700765242,3,1,-0.46308426038035666,0.33577892960295047,2,4,605143.9591154716
0.8802210834024782,3,3,0.7491782013483315,0.39111430850597884,2,10,881016.0047742793
-1.605261661258677,4,3,-0.6570462542569467,1.5073319278350181,2,10,258111.6713724362
1.5623542124277903,5,2,-0.7540272511952418,0.9354486015398833,0,10,1038652.4247755758
-1.3622118898185833,1,3,-0.3661032634420616,-1.3122882834567768,0,9,219426.92448759967
0.6809999592712538,3,3,1.2340831860398067,-0.5506288967028472,1,7,813296.8090259811
-1.2881016316417677,1,1,-1.6268562236398973,-0.24576221132860032,0,2,211038.85316259583
-0.937472453170813,2,2,1.0401211921632165,-0.38254672232303877,1,9,395042.3550597105
-1.6937158403729407,4,3,-1.4328942297633072,0.5656573775340399,2,4,203867.04292282808
-0.012289552705406988,2,3,-1.238932235886717,1.3377730916373978,1,8,619660.8346800937
-1.0641770881182717,1,1,-0.3176127649729141,-0.6944328706616172,1,7,304174.6641013576
0.5256074824488988,1,1,-0.17214126956547152,0.1583033711277362,2,7,731899.435616318
-0.9016126508271926,5,3,0.5552162074717414,0.9822709659124437,1,8,467628.527062253
0.8061108252256627,3,2,0.9431401952249215,-0.3122797482539462,0,1,827143.776401641
0.8595020864928308,3,2,-0.5600652573186518,-1.1729050840145814,0,5,797034.4255040532
-1.7439195636540092,2,1,-0.9479892450718319,-0.1085431844602558,0,2,126097.92716348889
-0.19955740938875788,4,1,0.021820724311118592,-1.5645247836670264,0,2,527544.910534171
-0.39798164902345734,3,3,0.6037067059408889,1.5129173368819608,1,1,570289.0160760867
-1.3916966161900044,5,1,-1.4328942297633072,-1.4965395796542866,1,5,234389.76681767972
-0.3350277737979905,2,3,0.16729221971856117,-0.2351368361168664,2,2,534533.0200368982
0.3327614342898736,2,2,-1.5298752267016023,0.08200263392283265,1,4,660507.8198303543
1.2332409153630077,5,2,1.5250261768546918,1.661802364403324,1,3,1008539.156234348
1.3535704743382673,4,3,0.31276371512600376,-1.1801768836544277,1,3,955158.90638745
0.4666380297060564,5,1,1.2825736845089541,-1.3591367225751556,2,2,756373.8420634224
-0.501576633571694,4,2,-0.4145937619112091,-1.725883836227661,0,6,441315.08847493527
0.5527015553307453,5,1,-0.46308426038035666,-1.216427871752862,1,2,749610.4677553453
-1.7224036822478368,5,2,-1.2874227343558646,-1.0370821660373746,2,8,158636.70310577296
0.1765720729709937,1,3,1.3310641829781018,0.4313163003185147,2,8,699683.2484112402
-0.7223136391090906,2,3,-0.8994987466026844,-0.9939509445733741,2,5,390430.2223774808
1.387836507688838,5,3,-1.3844037312941597,-1.6849003409508043,0,10,935973.5562996916
-1.2203664494371516,5,2,-0.5115747588495042,1.1113437242135764,1,7,350816.184399563
0.6849843817538783,3,1,-0.17214126956547152,-0.48788190838316065,2,4,779019.7305378267
1.6141517047019087,2,1,0.31276371512600376,-0.5291579912293108,0,1,987630.2411262016
0.3909340025361911,3,1,1.4765356783855443,-0.7068251656155408,2,2,733612.8163648158
-1.4171969200788013,2,2,-1.0934607404792744,1.627354602418746,2,10,255907.13436003952
-0.3780595366103349,3,2,0.6521972044100364,-1.165976757046988,2,10,517655.1581174146
0.11122754425595212,5,2,-1.1904417374175695,1.359782908085731,2,4,684425.2003263966
-1.427556418533625,5,2,0.5552162074717414,0.9385421336446874,2,1,323701.2441901499
0.5056853700357764,1,2,1.5735166753238394,-1.490785597639664,0,8,724814.2264216079
1.4468059604316803,3,1,0.894649696755774,1.6667464318735035,1,9,1015556.1485920788
1.4340558084872819,4,2,0.6521972044100364,-0.814752211404257,1,4,993273.0796606252
0.04189859305828604,1,2,-0.026669774158028934,-1.4141133581344971,1,10,581948.159950993
1.2204907634186093,3,1,-0.9964797435409795,1.1206953997557838,1,3,895675.5548211845
1.7368719171667428,3,2,0.9916306936940691,0.6952782198291291,0,2,1092026.89678641
0.3072611304010769,1,1,-0.4145937619112091,0.3849648462609319,0,5,662119.9410580613
-1.0713490485869956,5,1,-0.22063176803461904,-1.215007625072071,0,3,341253.2207795087
-0.9159565717646407,3,3,1.0886116906323642,-0.09624553182685627,2,10,412045.7826588494
0.3654336986473944,5,3,0.8461591982866266,0.9515597276888207,2,7,748220.493682927
-0.2656988226003244,1,3,-1.335913232825012,-0.7028536301538441,2,6,507185.45440816105
-1.1653814191769336,5,3,0.4582352105334463,-0.6748741398071793,1,1,354054.70019158506
1.4587592278795536,2,2,-0.7055367527260943,-1.7451889098244742,2,8,915005.2948821838
1.1320365843043458,4,3,-0.8025177496643894,-1.1516573338255391,1,2,872676.434152397
1.1583337726896674,3,1,-1.1904417374175695,1.2805802444647458,2,5,934942.0571329228
-1.38771219370738,4,2,-0.22063176803461904,-0.2237250436884687,1,9,269061.7820440072
0.7535164484550194,5,3,-0.6570462542569467,1.6580929916679275,2,8,867445.4184620865
-0.9303004927020888,3,1,-1.2874227343558646,-0.3834265139859269,2,2,342303.6892675472
-0.478466983172472,5,2,-0.9964797435409795,0.7248014620095601,0,9,486872.0567091347
1.2260689548942836,2,2,1.4765356783855443,-0.7781449964965326,2,5,935626.95292811
0.13991538613084842,1,3,0.4582352105334463,-0.49407751015760687,2,10,644601.105174152
0.2745888660435561,3,2,-0.6085557557877992,-1.094481457000185,0,6,645375.2217757016
0.6443432724311086,2,1,1.718988170731282,-0.5521715495806975,1,3,786580.3015186453
0.586170704184791,2,2,-0.8025177496643894,0.14220916638092915,0,3,740281.2153448497
-1.8419363567265716,3,1,-1.238932235886717,1.6842426254407374,0,10,149743.4999535613
-1.1470530757568609,5,2,-0.026669774158028934,0.5479422409182036,1,8,348893.55395287194
-1.0554113586564977,2,3,0.2157827181877087,-1.0649268364497961,2,10,346010.94983818056
1.455571689893454,4,1,-0.9964797435409795,-1.6001190890508676,1,10,915441.1797542056
1.6324800481219814,2,2,0.5067257090025938,-1.3177706286346167,2,2,988325.4879158876
1.712965382270996,5,2,-0.46308426038035666,0.19534414389976046,2,2,1075864.2810329462
-1.3391022394193612,5,2,0.16729221971856117,0.8981541189192966,1,5,329218.5249164853
-0.49599844209601973,4,1,0.4582352105334463,1.5061036288975143,0,6,530004.3428420601
-0.5047641715577936,2,1,-0.9479892450718319,-1.7011958326370635,1,2,408013.5790622347
-1.7502946396262082,5,1,1.6220071737929869,0.05730042674122723,2,5,224507.20014868543
-1.1837097625970063,3,3,-1.1904417374175695,-0.12270867574168556,1,7,300656.0790681994
1.083426630016327,1,3,-1.1904417374175695,0.519682463709487,1,10,848824.7742976189
-0.7541890189700865,1,1,-0.3176127649729141,0.18501959658482858,2,10,396681.2860961783
-1.255429367284247,1,2,-1.7238372205781922,0.6271622442862732,0,8,262398.4460460842
-1.752685293115783,2,3,-1.044970242010127,0.5267158066434018,1,7,180393.6281134625
0.41643430642498785,4,1,-1.3844037312941597,-1.3501863336635256,2,8,671803.9439013259
-0.9287067237090391,5,2,1.718988170731282,1.0180297390768138,2,9,474045.8427124246
-0.30633993192309417,3,3,0.021820724311118592,-1.3286070375747139,1,5,505877.59815497726
-1.0386767842294748,3,2,0.797668699817479,0.6670246263158464,0,5,389645.3296127529
-0.5191080924952418,2,2,0.894649696755774,-0.3125319042798504,1,10,483350.32816846616
-0.983691753969257,1,2,0.36125421359515125,0.026394890555295304,0,4,358458.3807510001
-1.4371190324919236,2,2,-0.17214126956547152,1.377335196485997,0,9,264395.09178796335
0.4252000358867617,4,3,-1.3844037312941597,1.330802833461608,0,5,749571.2916347987
-1.3996654611552535,4,3,-1.4328942297633072,1.0809493848354468,0,2,263760.9441483153
1.0810359765267523,5,3,-1.4813847282324546,0.013551921385019778,1,10,894611.0786564201
0.818860977170061,5,1,-0.07516027262717646,0.797832723999425,2,8,853001.1125510683
1.3981960061436616,4,3,-0.9479892450718319,0.023086705994979105,2,7,972537.496467423
-0.6737036848210719,4,2,-1.6753467221090448,1.2604624099739914,2,8,453359.87163545546
-1.3829308867282306,4,3,-0.46308426038035666,-0.3589090234427193,2,3,270230.63769827964
-0.017070859684556374,2,2,1.5735166753238394,1.6095318038623307,2,4,673649.8960889375
0.6626716158511812,4,1,0.31276371512600376,1.4780181345226515,2,5,827205.303959231
1.540838331021618,3,2,-0.8025177496643894,0.8164355892303223,1,6,1007770.5792970628
-0.5071548250473683,1,2,-0.46308426038035666,-0.7868281179203861,0,1,443005.62363881344
0.9487531501036194,4,2,0.797668699817479,-1.299395674259332,2,4,871566.5627396672
0.3415271637516475,1,1,0.797668699817479,1.208767179854194,1,10,726227.5690417645
0.8292204756248848,2,3,1.3310641829781018,-1.182672862615942,2,5,824351.6710960343
1.378273893730539,1,3,-0.8025177496643894,1.2072316479676295,2,7,973850.3282632278
-0.8545964655322236,2,1,-1.1904417374175695,-0.053686398700681315,0,5,344363.2736819858
0.6395619654519591,3,2,0.9431401952249215,-0.34579341372679023,0,1,793421.1417884243
-0.13899418765286567,2,3,0.5552162074717414,1.37696321079638,0,7,621862.7654183527
0.5925457801569902,2,1,0.797668699817479,0.33859366257036655,2,8,758946.7724048437
0.5128573305045004,5,3,-1.335913232825012,0.24411225314121532,2,7,759151.2379465501
-0.0401805100837784,4,1,0.7491782013483315,0.18219972153065983,2,4,630531.7401285437
0.13035277217254965,4,2,0.31276371512600376,-0.46854709272797845,0,8,646766.2897519646
-0.5422177428944638,3,3,0.4582352105334463,0.9692061133009229,1,5,533039.4327952061
-0.4449978343184263,3,1,0.7491782013483315,-0.8791604427777966,2,10,496427.1035646905
1.7026058838161724,4,3,0.4097447120642988,1.5008162198800798,2,9,1099211.6405116057
-0.1955729869061334,5,3,-1.1904417374175695,1.3450303117525741,2,10,605600.9507407207
0.4252000358867617,4,3,-0.026669774158028934,-0.5854103691494054,1,5,738935.8194460399
0.7455476034897704,5,3,-0.6570462542569467,0.7743275502990635,2,1,839522.318603536
1.1272552773251963,3,1,-1.7238372205781922,0.23234997938286076,1,9,874856.2710820399
0.13832161713779864,1,2,-1.141951238948422,-0.5848242129759382,2,5,609401.0845045892
-0.5454052808805634,3,1,-1.335913232825012,1.6729645349016118,1,6,457643.0980423783
0.3989028475014401,3,1,-0.12365077109632398,-1.6685393279889527,2,4,676108.8512096877
-1.0362861307399003,2,1,-0.6085557557877992,-0.8796891443722242,0,6,300935.18607341987
-0.7709235933971094,2,2,-1.6753467221090448,0.04798277443223908,0,8,381998.6086592969
0.6148585460596873,2,3,-0.9964797435409795,0.05450057313908588,0,3,720883.657171062
0.41723119092151273,2,3,-1.238932235886717,0.2868454447878618,0,5,722543.0796460027
-1.5781675883768305,5,3,0.797668699817479,0.8513793900941423,2,2,294548.40256048914
-1.1319122703228879,4,2,-0.6570462542569467,0.4066765620758081,0,2,336073.5215992294
0.9806285299646152,1,3,-0.4145937619112091,0.3262114701418289,1,7,863034.675749834
-1.1669751881699835,3,2,0.2642732166568562,-1.5704498068654882,0,10,319748.76677475666
-0.5007797490751691,5,3,-0.6085557557877992,-0.4499512954780677,0,10,504023.26087166165
-0.30633993192309417,1,3,1.0886116906323642,-0.9511140980378189,0,10,538851.8933945443
1.1400054292695947,5,1,1.3310641829781018,-0.8355510164551271,2,6,934919.3827777772
0.08891477835325498,5,2,-0.46308426038035666,0.1668379529148173,0,4,648902.5219843038
-0.5956090041616319,3,1,-1.044970242010127,-1.0640271496368223,1,5,414808.6543176996
1.3424140913869187,4,1,0.4582352105334463,-0.7364143406942888,0,1,940080.4444014952
0.3367458567724981,2,1,0.9916306936940691,-0.9336692806685559,0,7,676233.0768279255
0.9423780741314202,4,2,-0.5115747588495042,1.534145023047226,0,8,866618.3890237983
1.2730851401892527,3,2,0.7491782013483315,1.5208342533107848,1,9,983106.2224146988
-0.9956450214171304,3,3,0.2157827181877087,0.35972105286649475,0,8,367024.37943296967
1.6452302000663797,3,1,1.0401211921632165,1.4509599779351137,1,5,1075814.4318808403
0.10246181479417825,1,3,0.4582352105334463,0.9697942315165428,1,3,660979.0474886918
1.4276807325150827,4,1,-0.17214126956547152,0.29036567693965215,0,10,978190.835072989
0.842767512065808,4,2,-0.026669774158028934,-1.7337614066898883,1,9,801313.0610758337
1.3177106719946468,5,2,-1.5298752267016023,0.9236709466653443,2,6,992213.4530121648
0.1837440334397178,5,2,-1.4813847282324546,0.6807534128644116,0,5,676719.1220590248
-1.2450698688294233,5,1,-0.6085557557877992,0.37814799585202236,0,3,296184.19659571577
-0.18601037294783462,3,2,-0.22063176803461904,0.881725511587394,1,6,587557.3219128358
0.3654336986473944,4,1,0.8461591982866266,0.023173806631401124,1,3,724842.1846929234
0.4626536072234319,3,3,0.9916306936940691,0.6862860098885151,0,10,762080.8235471162
1.4898377232440247,1,1,-1.4813847282324546,1.4879020723800467,2,6,955223.3951427988
-1.2275384099058757,5,3,0.9431401952249215,-0.45246716643588064,1,4,354189.0054772034
-0.5501865878597128,3,1,-1.238932235886717,0.7002952445149218,1,2,454484.4215050965
0.6005146251222392,3,3,-1.044970242010127,-0.10598714124882036,2,8,769087.1879559917
-1.5128230596617889,1,2,0.2642732166568562,0.5833175207028024,2,4,251359.7986427481
-1.7542790621088329,2,3,-1.4813847282324546,0.8902902237778735,0,9,172534.44400203408
-1.3542430448533342,4,2,0.6521972044100364,-1.5984156718755924,2,7,268244.1761186752
1.3216950944772714,2,2,1.718988170731282,0.48688580240301577,0,2,985699.1860734548
0.7582977554341689,5,3,-0.2691222665037666,-0.9695495765414847,2,4,824529.5721138918
-1.1876941850796308,3,1,-1.4328942297633072,0.5681685887731622,1,5,289985.41455097107
-0.6370469979809266,1,1,1.6704976722621345,-0.13150977870144662,0,3,450594.5679766036
0.6618747313546562,1,1,0.36125421359515125,0.9272662725760726,0,9,794010.0167336396
-1.5168074821444133,4,1,1.0401211921632165,-1.3280234373831208,0,5,233504.5137836983
-1.2649919812425459,2,1,-1.6268562236398973,0.4165438238445653,2,2,269736.4362439106
0.8228453996526855,4,2,1.428045179916397,-0.7901067345312038,1,3,841676.0140843305
0.3925277715292409,3,1,-0.4145937619112091,1.2027956844958476,0,9,707483.440019593
-1.3072268595583654,4,2,-0.4145937619112091,1.4643533963704425,0,7,310471.3888855296
0.9160808857460986,1,2,-0.46308426038035666,1.7002875608449715,0,2,846516.6709494363
0.1502748845856721,1,2,0.31276371512600376,1.0051584741222763,0,9,647388.2995956682
0.5192324064766997,5,3,-1.6268562236398973,0.8585179632596153,1,4,760678.6016673865
0.37499631260569316,5,3,-1.3844037312941597,-1.008541103006408,2,9,681361.2493428746
-0.9510194896117362,3,2,-1.5783657251707497,-0.5905209334006013,1,2,325380.0022571336
1.4053679666123855,2,3,0.894649696755774,-0.1406941007204184,0,10,987442.6840517226
-0.5932183506720572,4,1,0.6037067059408889,0.9266706888640887,1,4,508941.1259280808
-0.1374004186598159,3,1,-1.0934607404792744,1.4178094034322954,0,5,572941.4282388942
-0.5007797490751691,5,2,-0.2691222665037666,-1.099986156834206,2,2,481489.24616078194
1.4476028449282052,4,1,-0.46308426038035666,1.443484627666339,2,10,997885.7696999718
1.223678301404709,5,2,-0.7540272511952418,0.6569441967904638,2,1,944921.9815744858
0.8961587733329761,4,2,-0.9964797435409795,0.36259733947489753,0,7,842172.2092376931
1.1559431192000926,2,1,1.0401211921632165,-1.0628617621737706,1,10,901471.7427249742
0.008429444204240345,3,3,1.6220071737929869,-1.5634754099408434,2,1,632482.6223597979
0.47699752816088004,4,1,0.9431401952249215,0.21584408986056294,0,8,748136.4563894381
1.3041636355537236,1,1,-0.5600652573186518,0.5039361076342569,0,3,914555.7450033636
-1.370977619280357,1,2,-0.6085557557877992,-1.0249117538436077,1,10,214492.39812518292
-1.2649919812425459,4,2,-1.335913232825012,0.1741875478642491,2,6,287478.2675046062
-0.7573765569561861,4,2,0.36125421359515125,1.21497628525099,0,7,478566.0655908441
1.7344812636771683,4,2,-1.2874227343558646,1.1406473138294533,1,10,1068538.1056038716
-1.2888985161382926,1,3,0.7491782013483315,1.460786274889009,2,1,334276.21781208954
-1.5303545185853367,1,3,1.6704976722621345,-0.48687556077834876,1,6,235478.10213396215
1.4786813402926762,4,3,1.4765356783855443,-0.6528130419407341,1,7,1028282.3118218936
1.6292925101358817,5,2,-0.46308426038035666,0.8435738663198029,0,6,1060712.8283115798
0.1486811155926223,5,2,1.3310641829781018,-0.26061326160592346,0,4,690243.7506863925
-0.39559099553388266,2,2,0.5552162074717414,-1.4523897344218777,0,1,501720.6757217424
-1.2737577107043196,3,3,0.4582352105334463,-0.7750851525126111,1,9,314916.5292154408
0.3718087746195936,5,2,0.7006877028791839,-0.30407856342525574,0,4,752791.6325948103
1.005331949356887,1,1,0.797668699817479,-0.7413840997183535,1,7,848697.2899849606
-1.7311694117096108,5,1,1.0886116906323642,-0.6037077848331338,1,7,213397.79303700436
0.6570934243755069,2,2,0.9431401952249215,-0.7370151303406882,0,2,788471.7465500822
1.7336843791806433,2,1,0.4582352105334463,-1.612129253946639,2,1,1023975.1331555475
0.4961227560774776,3,1,-0.3176127649729141,0.4539116562465566,2,8,738091.5512277477
1.052348134651856,5,3,0.4097447120642988,0.3158428912421317,2,8,926531.8100085806
0.7224379530905485,1,2,-0.5600652573186518,0.5104153075176874,1,7,781388.9356850483
-0.9151596872681158,1,2,-1.5783657251707497,-1.08898709135127,1,8,302975.3037628076
0.23952594819646061,4,3,0.7006877028791839,-0.730498396330424,1,3,696224.0924052008
-0.99883255940323,1,1,0.797668699817479,0.39328013727877015,0,2,370689.5462510848
-0.12704092020499222,3,1,-0.22063176803461904,0.32394320638350615,1,7,559262.3223593918
0.531185673924573,3,2,0.6037067059408889,0.0003075455472000159,0,8,775422.1168993582
0.7798136368403411,1,1,0.021820724311118592,-0.5405477916854666,0,1,783176.6365627198
-0.9239254167298897,1,3,-0.5115747588495042,1.4107507463476814,2,10,392725.1966639868
-1.2618044432564461,4,3,-1.0934607404792744,-0.5774669559456859,2,9,297268.39963389
1.605385975240135,1,2,1.1371021891015116,-0.17560263277308683,2,4,1027285.7703285776
-1.085692969524444,4,3,-0.8025177496643894,0.5962015092790434,0,4,367172.5872737959
0.1781658419640435,4,3,0.4097447120642988,0.12758411799264266,0,3,697780.778011206
0.803720171736088,1,2,1.5250261768546918,-0.552783430205351,0,6,802714.096172766
0.7853918283160154,2,3,-1.5298752267016023,-0.24489102555044595,1,1,783978.6474904561
-0.6163280010712793,2,3,0.021820724311118592,0.999862957275448,0,6,475471.1766686792
-0.8960344593515183,4,3,1.1855926875706593,-0.7912916069201937,2,2,427302.04370052734
0.539951403386347,1,1,1.1855926875706593,-1.2626199709331085,2,9,724420.5096752369
0.29132344047057895,2,2,0.4097447120642988,-0.6697632056710213,0,2,690319.8868147184
-0.875315462441871,1,2,-1.1904417374175695,1.1908357993019696,0,7,383644.1777444591
-0.617921770064329,1,2,-1.6753467221090448,-1.4473909226489237,2,1,379109.0941130737
0.733594336041897,1,1,-1.5298752267016023,1.6839761901689885,0,7,758293.3788835382
0.05624251399573419,5,1,-1.4328942297633072,0.1205821018102536,2,5,619360.9693678387
1.1184895478634225,1,2,0.31276371512600376,1.6602133175476315,1,8,923122.114178692
-0.7390482135361135,5,1,-0.22063176803461904,1.5011681780855177,2,4,477884.3169302657
-0.3661062691624615,4,2,0.6037067059408889,-0.18533433504988972,1,10,558796.2539569193
-0.7573765569561861,2,1,-1.2874227343558646,-1.067545413096382,0,7,366797.3447576696
-1.4474785309467473,2,3,-0.46308426038035666,-1.1841211472472513,0,6,226125.4126756759
-0.5063579405508434,2,3,1.5735166753238394,-0.9235934213822558,1,5,507967.8360673265
-1.4387128014849735,2,2,0.16729221971856117,0.7072704592864142,0,4,246540.9659359964
1.5910420543026866,2,1,-1.044970242010127,-0.8092574199529651,1,7,961367.1393329063
-0.7900488213137069,2,1,1.4765356783855443,-0.5717258885141514,0,5,427947.1030973768
-0.9247223012264145,2,3,0.5067257090025938,-0.19933089665079637,2,5,396277.33998439007
-0.3892159195616835,4,3,0.894649696755774,1.4117972186474619,0,1,585574.1096146859
0.6578903088720318,1,1,1.2825736845089541,-1.0991039623295118,2,2,763296.5725547657
0.9328154601731213,3,1,1.0401211921632165,-1.7386478551681712,2,5,827741.1738157432
-0.40276295600260675,5,1,1.1855926875706593,-1.5476179151477056,1,3,523323.0670600654
0.48416948862960413,3,1,-1.2874227343558646,1.382428626690069,0,2,731262.2024937344
-0.08082161940654817,3,1,-0.9479892450718319,0.49006335585354965,1,4,574450.4841823126
1.4906346077405497,1,1,-0.8994987466026844,-0.8089430554003636,0,4,923773.1293560604
-1.2769452486904191,1,2,0.8461591982866266,-1.1414273042268614,2,4,269665.8613983956
1.0252540617700094,1,1,-0.5600652573186518,-0.7353125053902355,2,4,838955.4538986462
1.4491966139212549,2,3,-1.5298752267016023,-1.3578691690857358,0,3,915104.2350135812
0.9615033020480177,4,2,-1.6268562236398973,1.5099669149635608,0,7,875981.0268954616
1.5559791364555913,2,1,-0.4145937619112091,0.9642215990292413,1,9,1017321.3952750646
-0.8545964655322236,4,3,1.0401211921632165,-0.15211140331225903,0,5,435500.9447943791
1.1105207028981736,4,2,-0.9964797435409795,1.2443548106913283,0,4,896600.4885198027
-0.983691753969257,3,3,0.2642732166568562,-0.8907472857388737,0,2,342679.45001245977
-1.4825414487938429,3,1,1.3795546814472492,0.7315106426310262,1,2,267185.2676416052
-1.1327091548194128,4,1,-0.17214126956547152,1.213724358620234,0,5,338350.5954344411
-0.742235751522213,4,1,-1.4328942297633072,-0.518501548968539,2,7,414166.584309186
-0.2848240505169219,2,1,-1.1904417374175695,0.871458133176888,1,10,523387.09594019287
0.6029052786118139,2,2,-1.4328942297633072,-0.7325179433904551,1,10,720713.4288162608
-0.2545424396489758,3,2,1.3310641829781018,-0.7193890291193664,2,9,551668.6465406333
1.5695261728965144,1,3,0.2642732166568562,-1.3847173177698722,2,7,972746.6952602348
-1.4434941084641228,4,1,0.07031122278026612,-0.2295820330590474,2,5,269874.7159038473
-0.8777061159314457,2,3,1.0401211921632165,0.7751883030646888,0,10,431423.2948124018
-0.6250937305330532,3,2,0.31276371512600376,1.5054153999458715,2,10,501692.8515892058
0.8961587733329761,2,1,-1.3844037312941597,0.3384063763917983,0,10,804904.7205412153
-1.1892879540726806,4,1,-0.026669774158028934,1.2380169593502153,1,6,362719.62685852055
-1.1056150819375663,4,2,-0.07516027262717646,1.097039175917767,1,3,369407.96419171983
-1.7391382566748597,5,2,-0.46308426038035666,-1.1547805224339045,2,5,176494.35410241215
-0.16768202952776198,1,2,0.2157827181877087,-0.07084888156570346,0,8,557218.6456389157
1.045176174183132,5,2,0.2642732166568562,-1.3504922506132158,2,1,909713.435000704
-0.369293807148561,3,2,0.2157827181877087,0.6102134046230456,2,1,526951.7757612201
1.4818688782787757,2,1,1.3795546814472492,1.5389900745711196,0,7,1033450.4577544982
0.4921383335948531,3,2,0.8461591982866266,-1.2805393738138953,2,5,739205.5159327254
0.7718447918750921,4,1,1.6704976722621345,0.7896577199309972,1,5,870504.8285910133
1.579885671351338,5,1,0.5067257090025938,0.4370649367432226,2,1,1045202.3496436334
0.39491842501881563,5,2,-0.7540272511952418,0.26836319680564097,0,9,722603.6896894623
-0.8490182740565493,5,2,-0.5115747588495042,-0.4028095949869449,0,1,409947.2216361178
0.9535344570827687,3,1,1.428045179916397,-0.524180303653325,1,5,901000.4882338208
-0.8442369670773999,4,2,-1.1904417374175695,-1.5991209318735535,0,10,364834.6821527956
0.8451581655553827,2,2,0.36125421359515125,-1.0001882500097474,0,9,795928.1818267058
0.9328154601731213,2,2,-1.335913232825012,-1.703437724836155,1,4,778486.8427341338
1.0109101408325614,3,3,-1.3844037312941597,0.2607735565554188,2,8,858011.5135429478
-0.7326731375639143,5,1,0.797668699817479,-1.3888936332091582,1,6,418888.6616954587
1.0531450191483809,1,3,-0.5115747588495042,1.2723027293071862,2,3,887527.9071799915
0.8085014787152374,3,2,-0.17214126956547152,0.058628583036059494,1,4,827140.4447152761
0.3088548993941267,3,3,-1.7723277190473399,0.6710460262835347,2,2,673586.747670695
-1.4705881813459694,4,2,-0.2691222665037666,-0.3308762227481473,1,1,258717.68020973945
-0.7669391709144848,2,3,1.6220071737929869,0.18849177342834864,2,8,471816.8853184141
0.3726056591161185,3,2,1.428045179916397,1.5138737828122237,1,1,764387.1612255372
0.41085611494931357,3,3,-0.8510082481335368,-1.4690910198148188,2,1,687869.2513012193
-1.5606361294532827,5,3,-0.12365077109632398,-0.8752082672913506,1,4,252024.0176812598
0.5606704002959942,5,3,-0.9964797435409795,0.9495904527190372,0,10,788284.6902015205
-1.3136019355305646,1,1,-0.9479892450718319,-1.413578182021013,2,10,219652.59801356145
1.7153560357605706,4,3,0.36125421359515125,-1.4936260838413007,1,6,1043830.2913439176
-0.9326911461916635,1,1,0.7491782013483315,-0.5019457383441217,2,9,368670.1351204142
1.4898377232440247,5,2,1.4765356783855443,-1.4363660224230141,2,1,1015603.7016174662
1.1184895478634225,2,3,1.3310641829781018,0.2734742415409191,1,7,909745.2997917284
0.34232404824817236,5,2,-1.7723277190473399,-0.9711658375856197,2,10,695195.3585354679
-1.4156031510857514,4,2,0.9916306936940691,1.3509716397382197,1,5,322312.8625079516
0.3694181211300189,5,3,-0.5600652573186518,0.9617722554456113,0,8,746167.7281082802
1.4507903829143047,4,1,-0.8510082481335368,0.6710990896633716,2,7,985351.0239129456
1.1631150796688168,4,3,-1.335913232825012,0.3840116765735566,0,4,896792.553841208
0.15346242257177167,4,2,1.0401211921632165,1.2391623531504328,2,4,716524.6919885611
0.3694181211300189,4,2,0.16729221971856117,-0.9823119596046455,2,6,695362.741532193
-1.1088026199236658,4,3,-1.5783657251707497,1.2726130149531112,2,6,379005.7118671184
0.5104666770149258,2,1,1.3310641829781018,0.9825584533958893,1,9,763645.6101593996
-0.5852495057068082,1,1,-0.9964797435409795,0.8391851282408707,0,5,424881.192942697
0.803720171736088,3,2,-0.7540272511952418,0.19083627246786253,2,8,809782.1662261934
1.728903072201494,1,2,0.16729221971856117,-0.9018963703384402,1,5,1032002.2381140392
-1.6419183480988222,4,1,1.4765356783855443,-0.2868534583050413,2,2,239234.57432207957
-0.3804501900999096,2,3,1.5250261768546918,0.9967057229831762,1,6,560304.6612210645
-0.29598043346827047,5,2,-1.2874227343558646,-1.645848997058607,2,9,523988.4313016928
-1.837951934243947,2,1,0.894649696755774,0.9567447882302589,0,3,179398.43319315853
0.44273149481030943,4,2,0.6521972044100364,-0.9233111368256787,0,1,736289.1245550752
-1.210006950982328,2,3,-0.8025177496643894,-1.2554950562885576,2,1,284798.2134604166
-1.0362861307399003,2,1,-0.5600652573186518,-1.3547319584240922,1,3,327253.4579829949
-0.3916065730512582,4,2,-0.8994987466026844,-1.661557659605702,2,10,506990.3247570412
1.7161529202570955,2,3,1.0886116906323642,0.060166901907922454,1,5,1064774.9343224152
0.6539058863894073,3,2,1.6220071737929869,-0.9989701077272578,2,3,818671.3913349382
-0.09755619383357102,3,3,0.4582352105334463,1.6761216112546264,1,9,648718.3260877142
-1.667418651987619,2,3,1.6220071737929869,0.2365596609612715,0,8,236865.43918275135
1.4683218418378525,5,1,-0.5600652573186518,-1.2777788113806154,2,3,951484.5473650974
1.2826477541475514,4,3,0.11880172124941364,0.6331404535171826,0,9,967287.6138508852
1.3424140913869187,3,2,-1.5783657251707497,1.3580675628714522,0,6,936969.4548360409
-0.5438115118875135,5,3,-0.8025177496643894,0.8288432913696225,2,7,523680.204086382
-0.1302284581910918,2,3,-1.6268562236398973,-1.4909246799357445,2,4,537770.4956241908
-1.4387128014849735,5,1,-0.7055367527260943,1.3516176049455024,1,4,261227.3187203414
-1.5391202480471105,1,3,-1.0934607404792744,0.9979501137541402,1,2,217669.8849055049
-1.5231825581166125,3,3,-1.4328942297633072,-1.2069493237904474,0,5,198204.1283050715
-0.2513549016628762,2,2,0.16729221971856117,-1.5764459985273314,1,8,517128.7578663306
0.35108977770994626,4,1,-0.8994987466026844,0.1771512408684552,1,7,701609.1002837394
-0.5159205545091422,2,1,0.4097447120642988,-1.214817019085453,2,7,465144.0719417193
-0.6816725297863209,4,1,-0.46308426038035666,1.1389996273965335,1,6,466251.4916197072
1.052348134651856,2,3,1.4765356783855443,-0.5130694959218494,0,3,894174.439544655
0.32558947382114956,5,1,-1.0934607404792744,1.410616986754563,1,5,705754.4319783618
1.4842595317683505,5,3,-0.026669774158028934,0.20621199904311874,0,1,1007068.6501452676
-0.21310444582968113,5,3,-1.7723277190473399,-1.1224183253248594,2,7,547523.9110807307
1.4587592278795536,1,2,1.428045179916397,-1.2718345700633416,0,9,965317.5061019752
-1.2745545952008446,4,2,-0.6570462542569467,0.24362116731065594,1,1,299226.76708907617
-0.39240345754778305,5,2,-0.5115747588495042,0.8867876279092577,2,2,548288.2433774915
-0.18680725744435953,1,2,0.11880172124941364,0.9548538348886215,1,3,570399.7427677898
0.8794241989059532,4,2,1.2340831860398067,-0.7995188927403023,2,3,875382.7427446679
-0.5908276971824825,2,3,1.1371021891015116,-1.0475797172971852,2,8,473734.215407891
-1.6466996550779716,1,3,-0.07516027262717646,-1.6979589213414494,1,7,146020.40342022013
-1.3088206285514152,3,1,-0.6570462542569467,0.599966339443522,1,6,288382.46046148066
-0.11986895973626814,1,3,-0.6570462542569467,-1.4904792866210346,2,10,537619.5908056167
-1.2315228323885001,1,3,-1.6268562236398973,-0.29652019566398713,2,10,264215.33977452776
1.3121324805189725,4,2,1.428045179916397,0.33107032241735374,1,4,1010589.32913523
1.6316831636254565,2,3,-0.17214126956547152,1.494620773307663,0,9,1047149.2482085732
-0.2641050536072746,3,2,0.9431401952249215,-0.6744845569107398,1,1,562238.4809757017
-0.9868792919553566,5,1,0.5552162074717414,-0.8896582070736679,2,2,370970.3860521568
-1.6578560380293201,5,1,0.7491782013483315,0.5131094221989279,1,4,238459.1158908021
-1.535932710061011,1,3,-0.7055367527260943,0.3919727395224574,0,3,215993.8951157028
0.5750143212334424,4,1,1.5250261768546918,-0.6040400592880174,1,1,769763.673034886
-0.37248134513466064,4,3,0.7491782013483315,1.4633763205333994,2,5,594755.3248280677
0.3973090785083903,5,1,1.1855926875706593,1.1746296473295883,1,7,779336.1178319983
0.8435643965623328,3,2,0.16729221971856117,-0.9791189231231825,2,2,820831.6964017673
0.7670634848959427,2,2,0.9431401952249215,-0.9265309207963575,2,5,818613.7108034128
-0.8474245050634995,3,2,1.0886116906323642,0.02101680389702367,1,6,432824.65856336313
1.3272732859529457,2,2,0.797668699817479,0.9273334293503728,2,7,996696.835850388
-0.15413499308683873,5,3,1.5735166753238394,-1.6033141301230793,2,1,604936.830452781
-0.1318222271841416,2,1,0.9431401952249215,0.6490022335885389,0,7,596659.3685492761
-0.7860643988310824,4,3,-1.335913232825012,0.4925589707015336,0,4,417900.59093719104
-0.7629547484318604,1,2,0.11880172124941364,-0.9531109290227358,0,8,376032.361536576
0.13274342566212435,1,3,-1.4813847282324546,0.6074377975700069,0,4,626454.2784147046
-0.23780786522195296,5,1,0.021820724311118592,1.505284920924636,2,6,629609.0984680437
-0.7844706298380326,4,3,1.1371021891015116,-1.593790478765329,1,9,432687.983790756
1.6165423581914833,3,1,-1.6753467221090448,-0.6472542445453946,2,5,979926.724614952
1.550400944979917,4,3,0.6521972044100364,-0.23610811359818662,2,4,1041122.1131331322
-0.7629547484318604,1,1,0.4582352105334463,1.3633291120345696,2,8,433664.2275283448
0.6865781507469281,1,1,1.4765356783855443,1.5818714233695557,1,9,806645.0448680979
-0.14935368610768934,4,2,0.021820724311118592,-0.2155081512376173,0,4,576020.0443075488
-0.10791569228839468,4,1,-0.07516027262717646,0.8456635323828767,2,3,600207.3340100806
-1.7359507186887602,1,2,0.16729221971856117,0.08817639160110273,2,8,190828.13988469375
0.9216590772217729,3,2,1.5250261768546918,0.10941247852991907,0,5,878049.2511558104
0.41165299944583844,5,2,-1.1904417374175695,-0.7913944255569787,2,2,704212.5239765074
1.006925718349937,5,3,0.9916306936940691,-1.0034922141064457,1,10,909836.08484369
0.5702330142542931,4,3,0.6037067059408889,-0.7570324287899676,2,9,771922.849821314
1.4731031488170019,5,3,-0.3661032634420616,0.17374284424923722,2,3,1010183.5001098072
0.22119760477638797,1,3,1.1855926875706593,-1.654948866641413,0,2,650748.6977489772
1.581479440344388,1,1,-0.6085557557877992,1.391040441929191,2,1,1018026.9936582922
1.1973811130193874,4,1,-0.5115747588495042,-1.2139570934915223,2,8,897666.0008462978
1.4523841519073546,4,3,0.6521972044100364,-0.9926262316664833,1,3,998439.2371139774
1.2013655355020119,4,1,0.9431401952249215,0.04174615401317967,0,7,938864.8192625764
1.3758832402409644,3,1,0.4582352105334463,0.7072084559927908,0,1,978835.1052830342
-0.3262620443362166,5,2,0.07031122278026612,-1.4240130577558103,1,1,533178.2402465394
-1.239491677353749,4,2,-1.044970242010127,-0.6540440556645671,2,9,278644.6693366641
0.9001431958156005,2,2,-0.7540272511952418,1.6041178104515221,0,8,846346.3280926006
-1.1287247323367884,2,2,0.797668699817479,-0.8460517752554658,0,3,310271.2636685363
1.704996537305747,1,1,-0.8025177496643894,-0.6701553844095087,2,6,995441.7102207708
0.5032947165462016,5,3,1.6704976722621345,1.1456166205910243,2,3,830557.1687018349
-0.4752794451863724,4,1,-1.044970242010127,-1.5818971719407393,0,4,470083.2903669343
-1.6219962356856998,2,1,1.0401211921632165,-0.14440361186514122,2,1,217462.4450570884
0.757500870937644,5,1,-0.3176127649729141,-0.43924472248912916,0,5,787281.7359378719
-0.34140284977018964,1,2,0.2157827181877087,-0.657887342522532,2,1,508927.8041870647
0.757500870937644,3,2,-0.2691222665037666,-0.7650307723675552,2,1,799178.3100544005
-1.3143988200270895,5,2,1.0401211921632165,-1.4391197939785476,1,10,319601.3915396029
1.4922283767335993,5,3,-0.17214126956547152,-0.6639957741095404,2,7,1004456.2194818492
-1.3104143975444649,3,1,-1.3844037312941597,-1.6067412885032524,1,6,206781.75744307123
-0.27605832105514805,5,3,-1.2874227343558646,0.952974458621991,2,2,583183.4309103092
1.4667280728448027,1,2,-1.335913232825012,-0.37468556082814314,0,2,913774.3890331694
0.6427495034380587,1,3,-0.9964797435409795,-0.21624151862002464,0,7,734501.9542665192
1.262725641734429,3,1,1.4765356783855443,1.3436753083051882,2,1,987241.429730274
-1.4283533030301498,4,1,0.5067257090025938,0.5266200628701833,2,2,287822.3768776313
0.06182070547140847,2,2,0.7006877028791839,-1.7281283439876605,0,8,607535.6340463364
0.6387650809554343,4,2,-0.6085557557877992,1.5156624895099053,2,6,804727.9577270229
0.22119760477638797,5,3,-0.8025177496643894,-0.933461990064711,1,2,665369.9589318279
-0.2768552055516729,2,2,1.3310641829781018,-1.3827851380553675,1,7,540221.2539417966
-0.4481853723045259,3,2,1.2340831860398067,0.9084491904375032,1,4,551444.6316158974
-0.015477090691506578,3,1,0.6521972044100364,-0.019995702730100314,1,2,621460.4905680827
-0.04336804806987799,2,2,-0.07516027262717646,-0.25139245839554286,1,6,596339.5709584419
-0.023445935656755554,1,2,1.3795546814472492,-0.8905916190399974,2,9,617979.8529750025
1.503384759684948,2,1,-1.0934607404792744,0.1430207749490479,2,9,967780.6667222162
0.4483096862859837,5,1,0.07031122278026612,-0.8042809489150408,1,8,734156.8160862669
1.456368574389979,1,3,1.5735166753238394,1.3713860603048935,2,3,1021134.6211894122
1.0587232106240552,3,2,-1.7723277190473399,-1.009568855529464,2,3,834328.5793736472
1.6866681938856745,2,1,-0.7055367527260943,1.3116249458137343,1,2,1040389.0481357794
-0.20752625435400687,4,3,0.07031122278026612,0.18441799558643043,2,5,602549.2781823011
-0.828299277146902,4,3,0.9431401952249215,1.117829769011818,2,4,468699.4412955908
0.3590586226751952,5,2,-0.17214126956547152,0.7166827243717733,2,7,738226.711971728
-1.604464776762152,4,2,0.16729221971856117,0.6606574755721318,1,4,237185.9132691445
-1.3367115859297864,2,3,1.718988170731282,-0.6309722478896893,2,9,315357.48101832974
-1.8012952474038018,2,1,-1.1904417374175695,-0.9447272510793833,0,2,111626.85342361582
-1.4267595340371,4,3,1.5735166753238394,-1.0245482919034208,0,6,282660.2192955372
1.440430884459481,2,2,-1.5298752267016023,1.2173984356229572,1,7,972040.0599877926
-0.15174433959726405,5,1,0.7006877028791839,1.0898661547440869,0,4,625113.6084591298
0.7742354453646668,1,1,-1.6753467221090448,-0.22779389696113914,1,6,745395.8553692064
-1.5550579379776084,5,3,1.2340831860398067,-1.2967904704360553,0,7,250123.469112831
-0.5334520134326899,5,2,0.5552162074717414,-0.43010257024145854,0,4,510968.1406545
-1.1135839269028152,2,3,0.4582352105334463,0.39233496570432247,0,8,353161.46132211224
0.38376204206746706,1,3,0.8461591982866266,-0.1798207802385223,1,9,740330.4672038732
-0.6250937305330532,2,3,1.2825736845089541,0.9502874920448757,1,1,496840.5291926289
0.8204547461631109,3,1,1.3310641829781018,1.7045352859927183,2,7,888020.5575222683
-0.3262620443362166,2,1,1.428045179916397,-1.0930727476682542,1,9,522309.4058721854
0.6140616615631624,2,2,-1.0934607404792744,-0.16161733455818808,0,10,724033.5604571347
-0.1915885644235089,2,2,-0.2691222665037666,-0.2610590218645015,0,5,545482.7420093057
-1.2769452486904191,1,3,1.4765356783855443,-0.6998405921319499,1,2,305026.7707546245
-0.99883255940323,2,3,-0.9479892450718319,-1.0689175502712296,1,10,355453.1829292205
-0.27048012957947376,1,3,0.2642732166568562,-1.5282071622210125,1,6,513292.75970622
-0.8123615872164041,4,2,-0.12365077109632398,1.3212134690691983,2,7,442278.7666177528
-1.7455133326470589,3,1,0.9916306936940691,-0.29968554975531625,0,2,185569.89426877032
1.02047275479086,1,1,-0.22063176803461904,-0.032420476714414635,2,2,826494.0471232897
0.7710479073785672,4,3,-1.141951238948422,1.4246645172594263,2,10,839074.0204275192
-0.5677180467832605,1,3,-0.17214126956547152,0.9367631098370974,0,10,474659.86005527806
-1.792529517942028,1,3,1.1371021891015116,-1.3033929337888637,0,1,158454.83915736206
-1.660246691518895,3,3,-1.6268562236398973,0.20528163354048712,1,4,190802.0703078011
-0.12704092020499222,5,2,1.0401211921632165,-0.2219705438666271,1,7,619516.332475993
-0.913565918275066,5,1,-0.4145937619112091,1.0093338442096425,2,9,416605.60725276713
-0.12544715121194241,1,3,-1.5298752267016023,0.7561811430381425,1,3,551324.4886576998
1.5065722976710476,2,2,0.5552162074717414,0.6388404280520731,1,7,1000021.7606809204
-0.6553753414009992,4,3,0.11880172124941364,-0.5747799962382678,0,7,462185.7241886994
1.347992282862593,2,3,1.3310641829781018,1.0362267729089871,0,7,985499.1963159838
0.12477458069687537,2,1,1.5250261768546918,-1.5743459234366934,1,2,629290.1434469345
0.2745888660435561,1,3,-0.5115747588495042,-1.2023669476158114,0,6,627322.941247679
0.337542741269023,1,1,-1.5298752267016023,-0.5918522355296004,1,2,638451.4027889116
-0.4418102963323267,1,1,-1.1904417374175695,-1.489649594182896,0,6,439898.8032648414
0.9551282260758185,1,1,1.2825736845089541,-0.940920704976059,0,10,821146.2339055584
-0.27127701407599863,5,2,1.1855926875706593,1.123597969207352,0,3,594005.0065233838
0.037117286079136655,1,2,-0.8994987466026844,1.5332729313840203,0,2,613658.1099473296
-1.1470530757568609,5,1,0.2642732166568562,-0.6994596308080144,1,6,335417.6369743354
1.1925998060402379,5,3,-0.8510082481335368,-0.8385144948207891,2,2,919941.4098368196
0.9025338493051753,1,1,1.4765356783855443,-0.7851742735203033,0,5,823529.5488742903
-0.7996114352720056,3,3,0.31276371512600376,-0.7927140782058409,1,2,415639.6454079276
-0.6816725297863209,4,1,-0.7055367527260943,-1.631447314916522,1,3,407600.3914029592
0.31363620637327605,2,3,-1.7238372205781922,1.4592640177987457,0,3,694271.1623037981
0.00683567521119055,5,2,-0.7540272511952418,-1.0147941402961846,2,6,591174.1368528144
-0.46412306223502386,4,3,0.9431401952249215,-0.2991465699097716,0,6,525760.8806101802
-0.5661242777902107,3,1,1.6704976722621345,-1.7224817958844059,1,10,472291.952524426
0.19729106988064105,2,2,-1.4813847282324546,1.2200466851287604,2,3,647832.2075906589
0.881017967899003,2,3,0.894649696755774,0.7802023331986508,1,3,889364.8170683798
0.9575188795653932,5,3,1.428045179916397,1.5280852336727164,0,1,935451.9335719376
0.06500824345750807,1,3,-1.044970242010127,0.9552348254515477,2,7,625246.1179756841
1.131239699807821,3,3,0.6521972044100364,-0.6678785354833342,1,8,917235.4105319374
0.44193461031378456,5,3,1.6704976722621345,-0.8962449021384027,1,2,769318.6038261497
-0.9207378787437901,3,2,-1.238932235886717,0.6641998677408775,1,4,357130.1202818031
-1.6522778465536458,1,2,0.7491782013483315,-0.4930259794787928,0,10,181191.0670440434
0.21880695128681327,1,2,-1.5783657251707497,0.20803954877004005,2,7,641013.919122572
-0.9980356749067051,5,2,-0.5115747588495042,-1.7343779645086557,0,8,336153.4280264353
1.6006046682609854,1,1,-1.238932235886717,-1.5414111039444485,0,1,924012.9418488424
0.22279137376943775,4,2,-0.9964797435409795,0.10103519023539315,0,4,670894.0581247887
-1.1127870424062904,2,3,-1.5298752267016023,0.20754221990920774,2,6,312202.08717502066
-1.8411394722300467,5,3,-1.5783657251707497,0.8506050436583817,0,3,159121.4656145035
-1.472978834835544,3,2,0.9431401952249215,-1.2983143218770132,0,5,240302.2199712505
1.4778844557961512,4,3,-0.46308426038035666,0.024078899535287114,0,10,1001847.3602497705
-1.8427332412230963,5,2,1.5250261768546918,-1.0815715292850276,0,9,206042.3513164644
-1.3311333944541122,1,3,1.0401211921632165,-1.4327994696959248,1,3,275063.0991470561
-1.751888408619258,1,1,-0.22063176803461904,-0.3321295162199072,0,5,147206.86576297088
0.4881539111122286,1,1,1.1855926875706593,-1.1894913969975538,1,8,710065.5617561329
0.18772845592234227,1,2,0.6037067059408889,-0.9867523968159415,0,6,624411.6024682868
1.5727137108826141,3,2,-0.8994987466026844,-0.6545301050687959,2,4,988358.2476373828
-1.170959610652608,4,2,1.5250261768546918,-0.856300768004853,1,8,351280.4162027617
0.3558710846890956,2,3,1.3795546814472492,-1.4522418449592223,1,3,696027.2851612554
-0.9358786841777631,3,2,0.4582352105334463,-1.444176914511974,1,3,364016.40122898977
-0.40276295600260675,3,1,0.07031122278026612,-1.0857280254338988,1,4,494537.5115454976
-1.2689764037251703,2,3,1.4765356783855443,-1.580701258748413,2,9,307116.6791374497
-1.6666217674910941,2,2,-0.22063176803461904,0.4170109691208673,0,5,194628.72736203528
1.5081660666640972,1,3,-1.1904417374175695,-0.7593865030825767,1,8,949404.2006657254
-0.21310444582968113,3,3,0.797668699817479,-0.7856831022706714,2,6,574912.7662317117
1.673121157444751,5,2,-1.4813847282324546,-0.6044267998987027,1,3,1011770.8785945608
-0.5916245816790074,2,3,-1.141951238948422,0.5430669622739076,0,8,438849.2345292175
-0.38841903506515857,2,1,-0.8994987466026844,1.2640277066888188,1,9,527715.5373919866
-0.3174963148744427,4,1,0.797668699817479,0.8770863230233309,2,8,580272.8715936985
1.5288850635737448,5,3,-0.8510082481335368,0.7676168922369986,0,4,1021159.6924822456
-0.2306359047532289,5,2,-0.4145937619112091,-0.07579632805177149,2,6,567108.4842135326
1.1384116602765448,2,3,-0.6570462542569467,0.6506339992216926,0,1,926488.454118578
-1.1271309633437385,1,1,1.2340831860398067,0.16137412069334783,0,4,321278.1795200379
-0.22027640629840523,4,3,0.9431401952249215,-1.0059402539423707,0,8,572608.4313965299
-1.837951934243947,5,3,-1.4328942297633072,-1.0325192594027344,1,1,140538.08318538152
-1.6379339256161978,2,1,1.1855926875706593,-0.727940228384684,2,3,211508.5901215244
-0.5119361320265177,5,3,-0.4145937619112091,1.403367842240697,2,1,552158.5008426193
-0.07683719692392368,4,3,-0.9964797435409795,0.14282426550267516,2,9,623326.5868033242
-0.2035418318713824,4,2,1.3795546814472492,0.789734889008521,0,2,622100.1895022333
1.1137082408842731,3,2,-1.5298752267016023,-0.5539185004604831,1,9,845932.4082879503
-0.5549678948388621,2,1,0.9916306936940691,-0.3417730439860221,0,4,468251.3632686849
-1.590120855824704,4,1,1.5250261768546918,-1.320514163793802,2,2,236054.0002831533
-0.7757049003762587,3,1,-0.46308426038035666,-1.1618850894367114,1,4,405144.670068021
0.04827366903048522,3,2,1.1855926875706593,1.1139044732064984,1,10,663568.5126665218
0.41165299944583844,5,1,0.16729221971856117,0.27264237106591604,1,6,755402.3726912518
0.4052779234736393,5,1,1.5250261768546918,-0.5852295017677482,2,7,759882.5851426219
-0.25613620864202563,3,1,0.16729221971856117,1.0288987198978496,1,3,578870.7619594942
0.5120604460079755,5,2,0.5552162074717414,-0.9009398491232832,1,3,760720.1464642045
-0.22107329079493013,4,3,0.5552162074717414,1.6296420468732824,0,10,611557.8808542505
0.936002998159221,1,1,1.6220071737929869,-0.5599583231338919,0,8,851283.9163168798
1.0850203990093767,4,3,-1.6753467221090448,-0.5859978962162822,1,5,870212.7996762642
-0.9542070275978358,3,1,-1.335913232825012,-0.6741037844467787,1,4,340874.6232811248
-0.5669211622867356,3,3,-0.12365077109632398,-1.3324958434207896,0,7,451409.4809711031
1.363929972793091,4,2,-1.7238372205781922,-1.3705644540709714,0,7,898403.5372117123
-1.6578560380293201,5,2,-0.6570462542569467,0.4921050250584477,0,9,198659.21988081493
-0.27605832105514805,5,1,0.021820724311118592,1.279582666114673,2,9,600564.2006890622
1.6842775403960997,3,3,-0.7540272511952418,0.986125182193439,2,5,1062899.029267778
-0.3246682753431668,2,2,-0.5600652573186518,-1.2666009999154824,0,8,476966.9362678016
-1.5462922085158346,5,1,0.2642732166568562,0.13646681087935725,1,10,245941.05648799823
0.9678783780202169,4,1,0.8461591982866266,-1.389801400328398,0,1,844959.8412339088
0.2546667536304337,5,2,0.07031122278026612,-1.5989632559914364,2,9,663727.5441240586
-0.5940152351685821,4,2,-0.4145937619112091,0.5208300942458814,1,8,473629.2215424205
0.19490041639106634,3,1,-0.8510082481335368,0.1002872767721932,2,6,638284.4789553601
0.8571114330032561,5,3,0.16729221971856117,-1.4715551438611636,1,3,833111.8086328949
0.5176386374836498,4,3,0.797668699817479,-1.6348847380420874,2,3,749471.4241491086
1.0579263261275302,3,3,-0.8510082481335368,1.677247770277786,1,8,891638.5086964626
1.222881416908184,2,1,-0.8994987466026844,-1.6519443220612822,1,5,877752.3422257571
-1.1502406137429606,4,2,1.3795546814472492,-0.2140754869743911,1,10,377431.0643911781
-0.8474245050634995,2,1,-0.3661032634420616,-0.005628671391486414,1,7,373171.5899458196
-0.7980176662789559,2,2,0.7491782013483315,-1.3492552105285913,2,5,405940.62394306617
0.4642473762164817,1,3,-0.17214126956547152,-1.1696316887684912,2,8,706686.3209428937
-1.783763788480254,5,3,-0.7540272511952418,-0.5357199756638055,1,10,185557.6964804336
0.2435103706790851,4,2,1.428045179916397,0.8860670208451588,1,10,728927.0713778214
1.5233068720980705,2,2,-1.5298752267016023,0.0029165304437981493,2,4,976049.1314638924
-1.3669931967977327,1,1,-0.5115747588495042,0.45671163349715427,1,2,241079.3234902556
-0.9964419059136553,3,3,-1.335913232825012,1.661353919171843,1,3,368640.6584269345
-0.14297861013549018,4,1,1.718988170731282,0.9080234112216929,1,8,645781.7324767867
0.10644623727680273,2,1,0.5067257090025938,-0.24934259422981536,0,7,641526.9853657566
0.021976480645163603,5,1,1.5735166753238394,-0.20743722712306942,1,2,691113.9194565738
-0.3605280776867872,1,3,1.0401211921632165,0.3903529353017896,0,6,528869.8625493657
-0.7948301282928563,2,1,1.0401211921632165,0.551978250005226,1,9,441001.3484190839
1.021269639287385,5,1,-1.7238372205781922,-0.019185341121104996,2,4,852599.97505604
1.1527555812139931,2,1,-0.4145937619112091,0.48085267788965536,0,9,894261.7196452515
-0.09994684732314571,4,1,1.4765356783855443,-1.674453228630975,0,2,574383.5478606392
-1.0546144741599728,4,1,1.3310641829781018,-0.26578027996507025,1,2,366271.8455560513
0.3160268598628508,4,1,-0.5600652573186518,-0.7884855700526212,1,9,665969.5719032948
-0.09835307833009592,1,3,-1.335913232825012,-1.3079954902544797,0,7,525408.9155105908
-0.8506120430495991,4,1,0.7491782013483315,-1.4107708084633557,2,7,394408.5769492088
0.5885613576743657,5,2,1.0401211921632165,0.3363083151428648,2,1,826606.0146181242
1.3687112797722403,2,1,-0.7540272511952418,0.06021568085841741,1,6,940711.9831153804
-0.2537455551524509,3,1,0.6521972044100364,-0.8764350487339209,2,7,555012.7033097085
1.0929892439746258,5,3,0.5067257090025938,-0.12242179170603107,2,6,950877.0053637534
-0.1310253426876167,5,3,-0.8025177496643894,-0.048596502696160254,1,6,601083.947569366
1.3567580123243668,4,2,-0.7540272511952418,-1.0796243300715185,2,2,926094.1390762049
0.63318688947976,1,2,-0.3661032634420616,0.505938956284537,1,6,774150.0468123948
-0.2752614365586231,2,3,-0.6085557557877992,0.9528200689206796,0,4,543160.4942000011
-1.6881376488972664,1,3,-0.46308426038035666,0.9893964287458121,1,9,202427.97400689824
0.24749479316170958,2,1,1.3310641829781018,0.3338026323545781,0,1,708104.0557380343
-0.8872687298897444,2,3,0.36125421359515125,0.018721232187520385,0,8,402002.4844273374
-0.2234639442845048,1,2,1.4765356783855443,-1.5444587059867667,2,5,533656.3940212176
-1.465009989870295,5,1,-1.4813847282324546,-0.7576361747075238,2,1,214146.49100738543
-0.8458307360704497,2,2,0.5552162074717414,-1.4325381697028385,2,4,398823.2673263778
-1.1103963889167157,1,1,-1.3844037312941597,1.5872888004118488,1,1,313266.83650286886
-1.511229290668739,2,3,-0.07516027262717646,-1.2875094067559576,2,6,217213.6452196605
-0.08879046437179715,3,2,-1.7723277190473399,-1.229595779624587,0,2,539133.0843265855
0.22438514276248755,5,1,-1.335913232825012,1.3297375165620666,2,5,697909.6503581115
-0.952613258604786,4,1,-0.07516027262717646,1.5182761428377687,2,7,418003.15725851554
0.5997177406257143,2,3,1.718988170731282,0.9004737855435742,1,2,818706.7764361517
-1.0880836230140185,3,3,0.4097447120642988,-1.737335336771103,1,6,325738.14789058163
0.01639828916948932,4,3,-0.2691222665037666,-1.7514142579149128,0,6,605369.8615424815
-0.05771196900732614,4,2,-0.2691222665037666,-0.44450350436206054,1,5,606157.4972713309
0.26263559859568264,2,1,-1.5298752267016023,-1.258665012284997,2,5,613606.1874695573
-0.36530938466593654,1,3,0.5067257090025938,-1.6923052334094322,1,3,503962.1877251642
-0.3589343086937374,2,2,0.021820724311118592,-0.1462992755201427,0,10,510534.1603835063
0.47540375916783023,3,2,-0.9964797435409795,1.5152707659293216,2,10,744040.0563316267
0.4283875738728613,4,2,-0.5115747588495042,-0.6327976787675873,0,2,701368.1143168806
0.7272192600696978,2,3,0.797668699817479,0.5373239228769722,1,7,816939.5874308393
1.1184895478634225,1,3,0.6037067059408889,0.5064325455220147,1,1,907601.7861704028
0.7272192600696978,2,1,-0.12365077109632398,-0.8851211346592166,0,6,771385.1497807608
0.04428924654786073,5,1,-0.6085557557877992,0.5001535367954516,2,6,636552.7524853058
0.4586691847408074,1,3,-0.46308426038035666,-1.0195262533775182,1,3,694917.3008745462
1.1479742742348438,3,2,-1.0934607404792744,-1.332856960481655,1,2,852368.6069601658
1.5217131031050206,4,2,-1.6268562236398973,0.6769201219235713,2,2,993240.2813625648
-1.7702167520393308,2,2,1.718988170731282,-1.362573333044205,1,9,158856.84303466187
0.28574524899490467,1,1,-0.5115747588495042,1.7020598907351279,0,5,678385.989963216
-0.2872147040064966,5,2,-0.5600652573186518,-1.1197125514282538,1,7,531945.983279591
-1.2131944889684274,1,1,-0.8994987466026844,0.3049140300978072,1,5,279607.45517641783
-0.3836377280860092,5,1,-0.9964797435409795,-0.3290811556166047,2,7,515300.5927029035
-0.15891630006598811,3,2,0.2642732166568562,-1.3176667670108617,0,4,542247.1622628621
1.4268838480185577,4,2,0.16729221971856117,-1.659497515444722,2,8,974421.4462019108
0.8045170562326129,3,3,0.2157827181877087,0.4040903554147586,1,10,843637.4594569862
0.4809819506435045,2,3,0.6037067059408889,1.0424493400039525,1,10,772740.0707275409
0.22438514276248755,1,2,0.11880172124941364,1.1647549453781718,2,7,685644.2336178538
0.7088909166496252,5,1,0.07031122278026612,-0.08161608745923264,2,10,808905.5849604708
-1.1964599145414045,5,1,-0.7055367527260943,0.9408043025171323,2,5,341956.2674322983
-1.5701987434115814,1,1,0.7006877028791839,0.5779320431546978,0,6,222673.0658697626
0.026757787624312985,1,1,0.4582352105334463,0.7562573883146072,1,5,604718.223692736
-1.5566517069706582,2,1,1.2340831860398067,-0.04732450420056822,2,7,234762.8244790115
0.10166493029765335,3,3,1.5250261768546918,0.4411359606546641,1,2,690305.8227623077
-0.0401805100837784,5,2,0.2642732166568562,1.0381769108410082,0,5,652434.7052233267
-0.1015406163161955,2,3,0.5067257090025938,-0.3758775269088781,0,10,601890.2919093702
0.5495140173446457,3,1,-0.17214126956547152,1.0397482629133947,0,3,753186.167662594
0.7694541383855175,2,1,0.11880172124941364,0.29754262124795744,0,9,792681.5184200833
-1.060989550132172,5,1,1.1371021891015116,-1.1805959201043852,1,6,360372.9780385626
-0.5390302049083642,1,1,0.6037067059408889,-1.6704582650242727,0,10,422950.9047116141
-1.186100416086581,1,2,1.428045179916397,-0.4977407736512265,0,3,312914.00307582016
0.3303707808002989,3,1,1.1855926875706593,0.14033184359066392,2,7,734110.0243598827
0.9686752625167417,4,2,0.9916306936940691,1.1571397122629663,0,4,899849.5188200921
1.7018089993196475,3,1,-0.22063176803461904,-1.3138535895738155,2,3,1017583.4273609958
0.4937321025879029,4,2,-1.044970242010127,1.019724051244943,0,8,729494.9061684583
1.2436004138178314,2,3,0.5067257090025938,1.2375781767415772,0,4,953339.7306451156
-1.744716448150534,2,1,-1.335913232825012,-1.2333696378703771,2,1,113576.5123703764
0.6865781507469281,5,2,0.021820724311118592,1.1979820227427929,0,6,847131.2132821754
0.5901551266674154,4,3,-0.8994987466026844,1.6831349710581562,1,10,796875.0927818617
-1.364602543308158,5,1,-0.07516027262717646,0.7652219902218165,1,1,280149.1863612468
0.9033307338017001,1,1,1.0401211921632165,0.9661763307208397,0,5,833283.0644545743
1.4587592278795536,4,1,1.2340831860398067,1.6934087095795343,1,7,1046163.3264236908
0.9702690315097916,3,2,0.4097447120642988,0.3442488432470492,2,6,889107.6929684004
0.8379862050866586,1,2,-1.6753467221090448,-0.6880677848605471,0,2,760436.8893623694
0.8387830895831835,1,3,1.3310641829781018,1.1491976813901272,0,4,864309.0323581436
1.1806465385923646,3,2,-1.4328942297633072,0.37548433793859926,2,2,910000.3859570916
-0.4171068769400549,1,2,0.6521972044100364,0.26000457195406385,2,1,512734.7788937932
0.43476264984506047,4,1,1.718988170731282,-0.8762566154249697,2,3,762769.5055574658
0.9248466152078724,5,1,-1.5298752267016023,0.867537704888287,0,3,827432.4143465807
0.8778304299129035,1,1,0.07031122278026612,-1.472791480030801,2,7,780363.0627911759
-0.5342488979292148,4,1,1.0886116906323642,1.4501434141077518,2,1,524818.9633293215
-0.8848780764001697,2,1,-0.46308426038035666,-0.6258464678385122,1,9,354744.6305953098
0.5694361297577681,4,1,0.797668699817479,-1.3128511822645323,1,6,754662.1768906609
0.44352837930683436,5,1,-0.026669774158028934,-0.22157420312679013,0,4,733900.7559066785
0.6029052786118139,4,3,-1.3844037312941597,-1.608761880076759,1,3,729385.5524036873
-0.3677000381555113,3,3,0.894649696755774,0.6187920229113505,1,3,556236.7348047679
1.3591486658139416,5,3,1.0401211921632165,1.3752798799323647,2,2,1039730.2135109294
0.3128393218767512,2,3,-1.7238372205781922,1.1482686257163202,2,2,672640.7862957919
0.9455656121175198,3,1,1.1371021891015116,-1.3142566949816026,1,10,860129.7292090545
-0.7836737453415077,4,3,0.9916306936940691,-1.3180666762251263,1,5,432387.0410257919
-1.6849501109111666,5,1,1.0886116906323642,1.0656106736077888,1,9,246717.9663664509
0.9495500346001442,2,3,0.11880172124941364,1.450029648524224,0,2,897176.5668201512
1.511353604650197,3,2,-0.07516027262717646,-0.15808252513081786,0,2,976572.7481782682
-1.38771219370738,2,3,-0.026669774158028934,-0.02522050459633358,0,6,251724.67925135957
-1.417993804575326,4,3,-0.9479892450718319,-0.6520760160900384,1,10,238220.4845448509
-0.5501865878597128,2,1,1.2340831860398067,1.346001293080285,1,2,514184.1816653132
-0.15413499308683873,1,3,-0.7540272511952418,0.4809972688051896,0,4,561747.2624036099
-1.5383233635505855,3,2,-1.2874227343558646,-0.7561782856788336,0,6,194353.7361399757
0.7694541383855175,2,1,0.9916306936940691,-0.7196466416711241,1,5,826587.7969711117
-1.4674006433598696,4,1,0.9431401952249215,1.335369062980733,2,1,280961.6803897855
-1.5128230596617889,4,3,-1.6268562236398973,-1.7087896933344802,0,6,191907.6525048871
1.0236602927769598,2,1,-1.4813847282324546,-0.6365891565114051,1,1,809712.7379333257
-1.084896085027919,4,1,1.1371021891015116,0.16690457898801883,1,3,369854.9244932172
-0.8848780764001697,5,1,0.797668699817479,-1.241937822498146,2,10,400306.9574091656
1.4380402309699063,5,1,1.4765356783855443,-1.4366060827504963,1,5,985628.9692003924
-0.2593237466281252,5,1,-1.7723277190473399,1.071999799594498,1,10,567376.4006946473
1.0013475268742627,1,1,0.8461591982866266,1.3464844033646823,0,5,889695.2695039134
1.6452302000663797,2,2,-1.6753467221090448,1.1008957619539217,0,10,1004325.3931894517
1.4683218418378525,1,3,0.021820724311118592,1.3616901798822647,2,6,1021278.340082141
0.31682374435937566,4,2,-1.7723277190473399,0.16258684663023332,2,10,665309.7683934513
-0.08958734886832204,1,1,0.021820724311118592,1.0615300341406089,1,8,576620.3718535388
0.641155734445009,4,1,-0.4145937619112091,-0.42389196024406034,0,5,738643.2007694525
-1.07533347106962,4,3,-1.5783657251707497,0.5551094322331155,2,1,343678.93524860224
0.8897836973607769,3,2,-0.8025177496643894,1.674053354235911,2,5,865263.3836358162
-1.2968673611035417,5,3,1.6220071737929869,-0.9730651351306775,2,3,342365.20713846444
1.5360570240424687,4,2,1.428045179916397,-0.4035744396226558,1,4,1037911.6519852468
1.1041456269259744,3,1,0.4582352105334463,-0.09086441558406957,0,8,876992.62965777
-1.573386281397681,5,3,-0.12365077109632398,-1.2773271037939344,2,7,238047.5927999937
-0.4712950227037479,4,3,1.4765356783855443,-1.474972235848484,0,5,518166.38138878136
1.6786993489204254,4,1,1.5250261768546918,1.1221128899587705,2,2,1108236.8362913695
-0.4171068769400549,1,3,-1.7723277190473399,1.632284192465595,2,6,483905.9983899615
-0.4434040653253765,1,2,1.4765356783855443,-0.352147404308871,0,6,509733.85039647983
0.7144691081252995,5,2,-1.238932235886717,-1.4520387817636973,0,10,747938.7115439639
-1.0570051276495476,4,2,1.0886116906323642,-1.527792132557759,0,10,347769.0613211003
-0.04257116357335309,2,2,-0.5115747588495042,1.3357788515201787,1,6,619407.6279156839
0.13274342566212435,1,1,0.894649696755774,-0.1471749548532085,2,9,646118.3979191775
-1.0872867385174936,5,3,-0.7055367527260943,-0.6459525136009534,1,8,338786.44407016825
-1.2697732882216952,4,2,-0.6085557557877992,-0.10330413588390472,0,8,291123.86737050366
0.8555176640102063,4,1,-0.8025177496643894,-0.6519301388176593,2,1,796470.173239297
-0.18840102643740933,2,3,1.1371021891015116,-0.05968487018609004,1,5,603812.5887922472
0.32001128234547527,5,3,1.2340831860398067,1.2256014005771132,2,7,779867.2165969982
0.01321075118338973,4,1,0.7006877028791839,0.2985296116113648,1,6,656065.8419892447
0.8451581655553827,1,1,-0.6085557557877992,0.6535763460541298,0,5,793323.8127937265
-0.6497971499253249,2,2,0.8461591982866266,-0.49109069506648867,1,8,448879.5107617519
-1.6180118132030754,5,3,0.4097447120642988,0.8056934108365205,2,3,262707.27893308154
0.9399874206418455,2,3,-0.2691222665037666,0.5563208413037566,2,6,872258.3925462884
-0.19955740938875788,1,1,0.8461591982866266,-1.341339779527743,2,5,530476.1232749791
-1.2331166013815498,5,3,-1.5783657251707497,0.23033685324236824,2,8,321199.3469094537
0.5909520111639404,2,2,-0.07516027262717646,-0.8654755862403525,0,4,730405.6620242158
1.5727137108826141,3,3,0.5552162074717414,1.0332155867044401,1,8,1033816.8247013512
-0.12305649772236774,1,1,0.9916306936940691,-0.2785635891884533,0,10,564747.6546436538
0.7790167523438162,1,1,0.07031122278026612,1.694341479368065,0,2,804450.0990071343
-1.0912711610001182,1,2,1.1371021891015116,-1.4352126958098117,0,9,316282.80679770344
0.8124859011978619,3,2,-1.3844037312941597,0.9508376342217627,2,9,806269.4033782159
1.4619467658656533,3,3,-1.5298752267016023,0.5808965359570869,2,10,988234.6180212416
-0.664937955359298,4,3,-0.12365077109632398,0.906266067482744,2,10,489595.4124613424
-0.33024646681884107,2,1,0.07031122278026612,-0.6893047356244457,1,6,504682.30124801846
0.90492450279475,4,2,-0.7540272511952418,-0.04921335651213392,2,4,851472.5994111879
1.3934146991645122,2,2,0.16729221971856117,1.0068967827171884,1,4,991703.3944221088
-1.8020921319003267,3,2,-1.5783657251707497,-0.9494296448895158,2,6,120795.5523667112
-0.39240345754778305,3,3,0.2157827181877087,-0.9720054904976547,2,5,511645.2377877411
0.9136902322565238,4,2,1.428045179916397,0.15543745282960053,0,6,868356.2431862867
0.6084834700874882,5,1,-0.3661032634420616,0.06008744514029571,0,7,765780.0440479134
-1.1821159936039565,4,1,0.9431401952249215,-0.7769536925972292,0,7,317780.5942863934
1.6675429659690768,2,3,1.718988170731282,-0.722099894699056,1,9,1058290.680940349
0.3909340025361911,4,3,-0.4145937619112091,-0.7922767379959235,1,8,708003.0797050629
0.13911850163432352,1,2,-0.026669774158028934,0.9201874282086324,2,6,663456.3939054122
-1.5845426643490297,2,3,-1.1904417374175695,0.5052722530676619,1,6,198773.4757127592
0.7925637887847394,2,1,-0.2691222665037666,1.13145911405838,2,5,821117.7482116626
0.7845949438194905,5,2,0.4097447120642988,1.6277006258213103,1,1,888184.3038431654
1.083426630016327,3,1,-0.7055367527260943,-0.11127203353308802,1,9,869924.3421379088
0.5885613576743657,2,2,0.36125421359515125,-1.524732174277829,1,9,734201.4615779822
-0.1374004186598159,3,3,-0.9964797435409795,-1.5892585256278657,0,9,530326.7865334606
-0.8004083197685306,4,2,1.3795546814472492,-0.7304619813608569,1,8,436325.0761836845
0.6977345336982766,1,2,-1.5298752267016023,1.4787876368956034,0,10,758140.6272517709
0.1773689574675186,5,1,-0.9479892450718319,0.05887152252507027,0,3,647006.812552705
1.3288670549459953,3,1,-0.7540272511952418,-0.8132933711246388,1,1,921002.248222852
-1.714434837282588,2,2,-0.22063176803461904,-0.37142829402940225,2,8,170024.87591657112
1.5631510969243152,3,3,-0.3661032634420616,0.3203617376554121,2,7,1009807.4390560028
-1.1900848385692053,2,3,-0.2691222665037666,0.5089103736455609,2,5,345655.79485490214
-1.0936618144896928,3,1,0.2157827181877087,-1.2221581849408856,1,10,320689.2188217977
1.6810900024100002,2,3,-1.335913232825012,1.6331073671890253,2,7,1034380.2041616676
-1.2283352944024004,4,1,-0.07516027262717646,0.1336573945650834,0,10,304653.63604893
-0.09357177135094653,2,3,-0.17214126956547152,-1.2853997412768334,2,4,571367.8252792631
0.6698435763199052,2,2,1.718988170731282,1.3438163763053417,1,9,856066.3005338378
1.5352601395459438,1,1,-0.46308426038035666,-1.4971735985122354,2,10,931856.9695152728
1.099364319946825,2,1,-1.2874227343558646,1.392728006308013,0,2,882532.5489330415
0.9057213872912748,1,2,0.07031122278026612,1.7008681192598942,1,9,875163.0460692297
-1.1167714648889149,5,1,0.4582352105334463,0.6736195433875691,2,9,372292.6033923184
-0.8027989732581052,1,3,-0.8994987466026844,0.9164936380631462,1,5,402330.051233892
1.4834626472718255,4,3,-1.0934607404792744,-0.5860260553708726,1,1,965304.8489878176
-1.4363221479953987,1,1,-0.46308426038035666,1.5101193454188244,1,7,248621.82614873743
-0.315105661384868,5,3,-0.6570462542569467,0.08142231010649305,2,10,560889.7929688855
1.0188789857978102,4,1,1.6704976722621345,0.7844728611788812,1,10,933332.7201261588
-0.7223136391090906,3,2,-1.3844037312941597,1.4495212561069275,2,4,453579.1055342158
0.6969376492017517,3,1,0.4582352105334463,1.6266840666196407,0,9,814843.6877321303
1.7336843791806433,1,2,-0.22063176803461904,1.1341897121147668,2,6,1037268.0434280155
-0.6059685026164556,1,3,1.1855926875706593,-0.7049572584027929,0,3,460741.2339285246
-1.2044287595066536,5,2,-0.8994987466026844,1.5967392243281937,2,6,357477.332666952
-0.8259086236573273,5,3,1.428045179916397,0.4227779984492395,1,10,480192.2452357916
1.005331949356887,2,1,0.11880172124941364,1.4721894623747191,2,6,886451.6346786668
0.4666380297060564,5,3,0.4582352105334463,0.5892332340568023,1,5,786584.6102391081
-0.7398450980326383,2,1,1.3310641829781018,-0.6903135984684616,0,2,439793.0780082437
0.35507420019257074,4,1,-0.4145937619112091,-0.47251891576142213,2,10,701493.9970692651
0.28972967147752915,1,2,0.6037067059408889,0.15342836841026397,1,10,683723.1607044176
-0.16688514503123708,4,2,-1.1904417374175695,0.9843710853499339,0,2,572024.023634332
1.5201193341119708,5,2,-1.7723277190473399,-0.6530455295184536,0,7,964865.2986386952
0.36065239166824503,4,2,-0.17214126956547152,0.2549252590538807,2,2,742599.2533323644
